Workbook

Sheet s002_insights
A1: node_id | B1: category | C1: insight | D1: primary_retention_category | E1: retention_mechanism | F1: tacit_knowledge_retained | G1: evidence_chain
A2: s002M01TP03 | B2: Technology-enable Retention Mechanism | C2: Focal technology-enabled tacit knowledge retention approach. Situated Experiential Learning through Extended Reality (node_id:s002M01TP03) is the single focal practice. It is defined in the graph as Uses VR, AR, MR, CAVE, or hybrid XR environments to support embodied rehearsal, contextual guidance, historical interpretation, hazard recognition, and situated knowledge transfer. The node aggregates evidence across cases, so it represents a conceptual family rather than one event. The adopted technologies are Human–Computer Interaction and Immersive Technologies (node_id:s002M01TE02); Imaging, Sensing, and Perception Technologies (node_id:s002M01TE05). Adoption establishes technical availability and use, but it does not by itself establish retention. Evidence chain (directional and bounded). The supported main chain is Human–Computer Interaction and Immersive Technologies (node_id:s002M01TE02); Imaging, Sensing, and Perception Technologies (node_id:s002M01TE05) → Situated Experiential Learning through Extended Reality (node_id:s002M01TP03) → Practised Motor and Tool-Operation Skill (node_id:s002M01TK05); Trained Sensory and Perceptual Recognition (node_id:s002M01TK06); Unrecognized or Unarticulated Personal Know-how (node_id:s002M01TK04); Embodied Posture, Balance, and Spatial Control (node_id:s002M01TK07). Retrieved constraints are Individual Ergonomic, Usability and Immediate Safety Risks (node_id:s002M01LI02); Instructional Design, Delivery, Assessment and Transfer Shortcomings (node_id:s002M01LI04); Software, Algorithmic, Data Quality and Interoperability Barriers (node_id:s002M01LI05); Hardware, Sensor and Technical Infrastructure Constraints (node_id:s002M01LI06); plus 3 additional retrieved nodes; conditions are Political, Regulatory & Jurisdictional Environment (node_id:s002M01ED01); Geographic & Physical Site Context (node_id:s002M01ED08); Governance, Standards & Formal Control (node_id:s002M01OD01); Financial, Technical & Information Resources (node_id:s002M01OD03); plus 2 additional retrieved nodes. Across assembly-training cases, MAR and AR overlays paired instructions with virtual components, Magic Leap prototypes used CAD-derived guidance, and VMAR supported trainer intervention. These relations connect immersive and sensing technologies to embodied and perceptual skills. These links bound the claim: the practice captures, transfers, or evaluates only the knowledge nodes explicitly retrieved. Where no non-ambiguous tacit-knowledge node appears, the graph does not directly establish tacit retention and evidence about explicit knowledge should not be relabelled as tacit. Retention Mechanism. Primary classification: Experience Amplification. The dominant function is situated rehearsal, interaction, feedback, and repeated application; durable records are supporting inputs. Technology makes expert action encounterable, but retention occurs only when learners internalize and competently reuse the pattern. This classification identifies an experiential mechanism, not proof of a lasting outcome. Tacit Knowledge Retained. The non-ambiguous candidate knowledge is Practised Motor and Tool-Operation Skill (node_id:s002M01TK05); Trained Sensory and Perceptual Recognition (node_id:s002M01TK06); Unrecognized or Unarticulated Personal Know-how (node_id:s002M01TK04); Embodied Posture, Balance, and Spatial Control (node_id:s002M01TK07). Its tacitness lies in skilled judgment, perception, coordination, or bodily performance that is difficult to detach from context and articulate completely. The focal practice mitigates Individual Knowledge and Memory Decay (node_id:s002M01LI01); Human Physiological, Cognitive-Capacity and Demographic Constraints (node_id:s002M01LI03); Instructional Design, Delivery, Assessment and Transfer Shortcomings (node_id:s002M01LI04); Hardware, Sensor and Technical Infrastructure Constraints (node_id:s002M01LI06); plus 1 additional retrieved nodes. The evidence supports a conditional pathway: technology preserves otherwise transient cues, traces, or feedback, but mitigation is not full resolution. Usable retention still depends on fidelity, engagement, and expert validation. Conditions and constraints. The focal practice depends on Political, Regulatory & Jurisdictional Environment (node_id:s002M01ED01); Geographic & Physical Site Context (node_id:s002M01ED08); Governance, Standards & Formal Control (node_id:s002M01OD01); Financial, Technical & Information Resources (node_id:s002M01OD03); plus 2 additional retrieved nodes. These dependencies are neutral enabling conditions: leadership, capable participants, resources, process integration, regulation, markets, or site context can enable deployment but can also become bottlenecks. It is constrained by Individual Ergonomic, Usability and Immediate Safety Risks (node_id:s002M01LI02); Instructional Design, Delivery, Assessment and Transfer Shortcomings (node_id:s002M01LI04); Software, Algorithmic, Data Quality and Interoperability Barriers (node_id:s002M01LI05); Hardware, Sensor and Technical Infrastructure Constraints (node_id:s002M01LI06); plus 3 additional retrieved nodes. These links create a weakest-link effect: technical operation does not ensure retention, and experts remain responsible for validation and contextual judgment. Integrative theoretical statement. Situated Experiential Learning through Extended Reality illustrates emerging-technology adoption for tacit knowledge retention as a socio-technical conversion process. Digital tools create a retention opportunity, the focal practice organizes that opportunity, and organizational and environmental complements determine whether it becomes durable, retrievable, and actionable know-how. The graph supports this bounded mechanism but does not warrant a causal claim beyond the cited relationships; missing, ambiguous, or indirect evidence should be treated as a limitation rather than filled by speculation. | D2: Experience Amplification | E2: Extended-reality technologies retain tacit knowledge by placing learners inside consequential work situations. AR, mixed reality, imaging, and sensing overlay expert instructions, components, and cues onto physical tasks, allowing users to observe, act, receive feedback, and repeat procedures. Assembly and machinery cases show improved positioning, procedural performance, perceptual recognition, and autonomous execution. The dominant mechanism is Experience Amplification because knowledge is stabilized through embodied rehearsal rather than preserved mainly as an external record. Retention nevertheless depends on instructional quality, usable interfaces, trainer intervention, realistic context, repeated practice, and delayed assessment; technical adoption alone does not demonstrate durable transfer to workplace performance. | F2: Unrecognized or Unarticulated Personal Know-how; Practised Motor and Tool-Operation Skill; Trained Sensory and Perceptual Recognition; Embodied Posture, Balance, and Spatial Control | G2: TE02;TE05 -> TP03 -> TK04;TK05;TK06;TK07
A3: s002M01TP04 | B3: Technology-enable Retention Mechanism | C3: Focal technology-enabled tacit knowledge retention approach. Interactive Consequence Learning and Digital Feedback (node_id:s002M01TP04) is the single focal practice. It is defined in the graph as Uses responsive simulations, animations, indicators, interfaces, or multisensory feedback to make relationships between actions, system states, and consequences experientially perceptible. The node aggregates evidence across cases, so it represents a conceptual family rather than one event. The adopted technologies are Human–Computer Interaction and Immersive Technologies (node_id:s002M01TE02); Imaging, Sensing, and Perception Technologies (node_id:s002M01TE05); Mobile, Social and Communication Technologies (node_id:s002M01TE07). Adoption establishes technical availability and use, but it does not by itself establish retention. Evidence chain (directional and bounded). The supported main chain is Human–Computer Interaction and Immersive Technologies (node_id:s002M01TE02); Imaging, Sensing, and Perception Technologies (node_id:s002M01TE05); Mobile, Social and Communication Technologies (node_id:s002M01TE07) → Interactive Consequence Learning and Digital Feedback (node_id:s002M01TP04) → Practised Motor and Tool-Operation Skill (node_id:s002M01TK05). Retrieved constraints are Instructional Design, Delivery, Assessment and Transfer Shortcomings (node_id:s002M01LI04); Software, Algorithmic, Data Quality and Interoperability Barriers (node_id:s002M01LI05); Hardware, Sensor and Technical Infrastructure Constraints (node_id:s002M01LI06); Time, Staffing, Expertise, Scheduling and Workload Constraints (node_id:s002M01LI08); conditions are Geographic & Physical Site Context (node_id:s002M01ED08); Financial, Technical & Information Resources (node_id:s002M01OD03). Across interactive-training cases, responsive visualization, feedback, and mobile interfaces made action–consequence relationships perceptible and supported practised skill. These links bound the claim: the practice captures, transfers, or evaluates only the knowledge nodes explicitly retrieved. Where no non-ambiguous tacit-knowledge node appears, the graph does not directly establish tacit retention and evidence about explicit knowledge should not be relabelled as tacit. Retention Mechanism. Primary classification: Experience Amplification. The dominant function is situated rehearsal, interaction, feedback, and repeated application; durable records are supporting inputs. Technology makes expert action encounterable, but retention occurs only when learners internalize and competently reuse the pattern. This classification identifies an experiential mechanism, not proof of a lasting outcome. Tacit Knowledge Retained. The non-ambiguous candidate knowledge is Practised Motor and Tool-Operation Skill (node_id:s002M01TK05). Its tacitness lies in skilled judgment, perception, coordination, or bodily performance that is difficult to detach from context and articulate completely. The focal practice mitigates Instructional Design, Delivery, Assessment and Transfer Shortcomings (node_id:s002M01LI04). The evidence supports a conditional pathway: technology preserves otherwise transient cues, traces, or feedback, but mitigation is not full resolution. Usable retention still depends on fidelity, engagement, and expert validation. Conditions and constraints. The focal practice depends on Geographic & Physical Site Context (node_id:s002M01ED08); Financial, Technical & Information Resources (node_id:s002M01OD03). These dependencies are neutral enabling conditions: leadership, capable participants, resources, process integration, regulation, markets, or site context can enable deployment but can also become bottlenecks. It is constrained by Instructional Design, Delivery, Assessment and Transfer Shortcomings (node_id:s002M01LI04); Software, Algorithmic, Data Quality and Interoperability Barriers (node_id:s002M01LI05); Hardware, Sensor and Technical Infrastructure Constraints (node_id:s002M01LI06); Time, Staffing, Expertise, Scheduling and Workload Constraints (node_id:s002M01LI08). These links create a weakest-link effect: technical operation does not ensure retention, and experts remain responsible for validation and contextual judgment. Integrative theoretical statement. Interactive Consequence Learning and Digital Feedback illustrates emerging-technology adoption for tacit knowledge retention as a socio-technical conversion process. Digital tools create a retention opportunity, the focal practice organizes that opportunity, and organizational and environmental complements determine whether it becomes durable, retrievable, and actionable know-how. The graph supports this bounded mechanism but does not warrant a causal claim beyond the cited relationships; missing, ambiguous, or indirect evidence should be treated as a limitation rather than filled by speculation. | D3: Experience Amplification | E3: Interactive feedback technologies retain tacit knowledge by making the consequences of action immediately perceptible. Immersive interfaces, sensing tools, and mobile systems present animations, indicators, error messages, or multisensory responses while learners perform tasks. This closes the loop between choice, system state, and outcome, helping users adjust tool operation and consolidate procedural patterns through repetition. The dominant mechanism is Experience Amplification because the learning value resides in action and feedback, not in an archived representation. Retention depends on accurate feedback, suitable task difficulty, technical reliability, sufficient practice time, and transfer beyond the interface; engagement or improvement alone cannot establish lasting competence. | F3: Practised Motor and Tool-Operation Skill | G3: TE02;TE05;TE07 -> TP04 -> TK05
A4: s002M01TP11 | B4: Technology-enable Retention Mechanism | C4: Focal technology-enabled tacit knowledge retention approach. Collaborative Knowledge Co-creation through Digital Platforms (node_id:s002M01TP11) is the single focal practice. It is defined in the graph as Uses portals, messaging systems, shared virtual environments, and online collaboration platforms to support peer exchange, collective interpretation, user contribution, and shared knowledge construction. The node aggregates evidence across cases, so it represents a conceptual family rather than one event. The adopted technologies are Artificial Intelligence and Intelligent Computation (node_id:s002M01TE01); Human–Computer Interaction and Immersive Technologies (node_id:s002M01TE02); Cyber-Physical Systems, IoT, and Smart Environments (node_id:s002M01TE03); Data, Information, and Knowledge Systems (node_id:s002M01TE04); plus 1 additional retrieved nodes. Adoption establishes technical availability and use, but it does not by itself establish retention. Evidence chain (directional and bounded). The supported main chain is Artificial Intelligence and Intelligent Computation (node_id:s002M01TE01); Human–Computer Interaction and Immersive Technologies (node_id:s002M01TE02); Cyber-Physical Systems, IoT, and Smart Environments (node_id:s002M01TE03); Data, Information, and Knowledge Systems (node_id:s002M01TE04); plus 1 additional retrieved nodes → Collaborative Knowledge Co-creation through Digital Platforms (node_id:s002M01TP11) → Unrecognized or Unarticulated Personal Know-how (node_id:s002M01TK04); Shared Professional Language and Contextual Meaning (node_id:s002M01TK09); Organizational Culture and Unwritten Working Practices (node_id:s002M01TK12). Retrieved constraints are Software, Algorithmic, Data Quality and Interoperability Barriers (node_id:s002M01LI05); Knowledge Continuity, Documentation, Governance, Privacy and Security (node_id:s002M01LI10); conditions are Political, Regulatory & Jurisdictional Environment (node_id:s002M01ED01); Sociocultural & Societal Environment (node_id:s002M01ED03); Governance, Standards & Formal Control (node_id:s002M01OD01); Strategic Leadership & Sponsorship (node_id:s002M01OD02); plus 4 additional retrieved nodes. Across cases, AI, immersive, IoT, data, and mobile platforms supported contribution and collective interpretation, connecting peer exchange to unarticulated know-how, shared language, and unwritten practices. These links bound the claim: the practice captures, transfers, or evaluates only the knowledge nodes explicitly retrieved. Where no non-ambiguous tacit-knowledge node appears, the graph does not directly establish tacit retention and evidence about explicit knowledge should not be relabelled as tacit. Retention Mechanism. Primary classification: Experience Amplification. The dominant function is situated rehearsal, interaction, feedback, and repeated application; durable records are supporting inputs. Technology makes expert action encounterable, but retention occurs only when learners internalize and competently reuse the pattern. This classification identifies an experiential mechanism, not proof of a lasting outcome. Tacit Knowledge Retained. The non-ambiguous candidate knowledge is Unrecognized or Unarticulated Personal Know-how (node_id:s002M01TK04); Shared Professional Language and Contextual Meaning (node_id:s002M01TK09); Organizational Culture and Unwritten Working Practices (node_id:s002M01TK12). Its tacitness lies in skilled judgment, perception, coordination, or bodily performance that is difficult to detach from context and articulate completely. The focal practice mitigates Software, Algorithmic, Data Quality and Interoperability Barriers (node_id:s002M01LI05); Time, Staffing, Expertise, Scheduling and Workload Constraints (node_id:s002M01LI08); Knowledge Continuity, Documentation, Governance, Privacy and Security (node_id:s002M01LI10). The evidence supports a conditional pathway: technology preserves otherwise transient cues, traces, or feedback, but mitigation is not full resolution. Usable retention still depends on fidelity, engagement, and expert validation. Conditions and constraints. The focal practice depends on Political, Regulatory & Jurisdictional Environment (node_id:s002M01ED01); Sociocultural & Societal Environment (node_id:s002M01ED03); Governance, Standards & Formal Control (node_id:s002M01OD01); Strategic Leadership & Sponsorship (node_id:s002M01OD02); plus 4 additional retrieved nodes. These dependencies are neutral enabling conditions: leadership, capable participants, resources, process integration, regulation, markets, or site context can enable deployment but can also become bottlenecks. It is constrained by Software, Algorithmic, Data Quality and Interoperability Barriers (node_id:s002M01LI05); Knowledge Continuity, Documentation, Governance, Privacy and Security (node_id:s002M01LI10). These links create a weakest-link effect: technical operation does not ensure retention, and experts remain responsible for validation and contextual judgment. Integrative theoretical statement. Collaborative Knowledge Co-creation through Digital Platforms illustrates emerging-technology adoption for tacit knowledge retention as a socio-technical conversion process. Digital tools create a retention opportunity, the focal practice organizes that opportunity, and organizational and environmental complements determine whether it becomes durable, retrievable, and actionable know-how. The graph supports this bounded mechanism but does not warrant a causal claim beyond the cited relationships; missing, ambiguous, or indirect evidence should be treated as a limitation rather than filled by speculation. | D4: Experience Amplification | E4: Collaborative digital platforms retain tacit knowledge by enabling participants to contribute experience, interpret problems, negotiate meaning, and develop shared practices. Artificial intelligence, immersive interfaces, connected systems, and knowledge platforms create spaces where unarticulated know-how, professional language, and unwritten organizational norms become encounterable through interaction. The dominant mechanism is Experience Amplification because retention occurs principally through dialogue, participation, and collective sensemaking; stored messages or records play a supporting role. Effective retention depends on trust, psychological safety, inclusive participation, familiarity, governance, and workflow integration. Without sustained contribution and application, technical connectivity produces information exchange but not durable shared understanding or organizational capability. | F4: Unrecognized or Unarticulated Personal Know-how; Shared Professional Language and Contextual Meaning; Organizational Culture and Unwritten Working Practices | G4: TE01;TE02;TE03;TE04 -> TP11 -> TK04;TK09;TK12
A5: s002M01TP12 | B5: Technology-enable Retention Mechanism | C5: Focal technology-enabled tacit knowledge retention approach. Multimedia and Blended Knowledge Internalization (node_id:s002M01TP12) is the single focal practice. It is defined in the graph as Combines digital content, interactive media, online resources, and face-to-face or workplace activities to strengthen demonstration, participation, and knowledge internalization. The node aggregates evidence across cases, so it represents a conceptual family rather than one event. The adopted technologies are Cyber-Physical Systems, IoT, and Smart Environments (node_id:s002M01TE03). Adoption establishes technical availability and use, but it does not by itself establish retention. Evidence chain (directional and bounded). The supported main chain is Cyber-Physical Systems, IoT, and Smart Environments (node_id:s002M01TE03) → Multimedia and Blended Knowledge Internalization (node_id:s002M01TP12) → Practised Motor and Tool-Operation Skill (node_id:s002M01TK05); Shared Professional Norms and Standards of Judgment (node_id:s002M01TK10). Retrieved constraints are Human Physiological, Cognitive-Capacity and Demographic Constraints (node_id:s002M01LI03); Instructional Design, Delivery, Assessment and Transfer Shortcomings (node_id:s002M01LI04); Knowledge Continuity, Documentation, Governance, Privacy and Security (node_id:s002M01LI10); conditions are Political, Regulatory & Jurisdictional Environment (node_id:s002M01ED01); External Technological & Infrastructure Environment (node_id:s002M01ED05); Geographic & Physical Site Context (node_id:s002M01ED08); Strategic Leadership & Sponsorship (node_id:s002M01OD02); plus 4 additional retrieved nodes. The strongest direct evidence comes from the learning-factory workshop: IoT, collaborative robotics, and additive manufacturing were used in hands-on activities associated with skill acquisition and improved decision-making. These links bound the claim: the practice captures, transfers, or evaluates only the knowledge nodes explicitly retrieved. Where no non-ambiguous tacit-knowledge node appears, the graph does not directly establish tacit retention and evidence about explicit knowledge should not be relabelled as tacit. Retention Mechanism. Primary classification: Experience Amplification. The practice’s dominant function is to organize digital demonstrations, hands-on activity, discussion, and feedback so participants internalize situated skill and judgment, rather than preserve a representation independently of the knower. IoT, collaborative-robotics, and additive-manufacturing activities supply consequential tasks; learning factories, workshops, and blended media let learners encounter, practise, and interpret them. Digital content is therefore a supporting scaffold. Retention is established only when participants can perform and decide beyond the immediate session, so reported knowledge acquisition and decision improvement are promising but do not by themselves demonstrate long-term transfer. Tacit Knowledge Retained. The non-ambiguous candidate knowledge is Practised Motor and Tool-Operation Skill (node_id:s002M01TK05); Shared Professional Norms and Standards of Judgment (node_id:s002M01TK10). Its tacitness lies in skilled judgment, perception, coordination, or bodily performance that is difficult to detach from context and articulate completely. The focal practice mitigates Instructional Design, Delivery, Assessment and Transfer Shortcomings (node_id:s002M01LI04); Time, Staffing, Expertise, Scheduling and Workload Constraints (node_id:s002M01LI08). The evidence supports a conditional pathway: technology preserves otherwise transient cues, traces, or feedback, but mitigation is not full resolution. Usable retention still depends on fidelity, engagement, and expert validation. Conditions and constraints. The focal practice depends on Political, Regulatory & Jurisdictional Environment (node_id:s002M01ED01); External Technological & Infrastructure Environment (node_id:s002M01ED05); Geographic & Physical Site Context (node_id:s002M01ED08); Strategic Leadership & Sponsorship (node_id:s002M01OD02); plus 4 additional retrieved nodes. These dependencies are neutral enabling conditions: leadership, capable participants, resources, process integration, regulation, markets, or site context can enable deployment but can also become bottlenecks. It is constrained by Human Physiological, Cognitive-Capacity and Demographic Constraints (node_id:s002M01LI03); Instructional Design, Delivery, Assessment and Transfer Shortcomings (node_id:s002M01LI04); Knowledge Continuity, Documentation, Governance, Privacy and Security (node_id:s002M01LI10). These links create a weakest-link effect: technical operation does not ensure retention, and experts remain responsible for validation and contextual judgment. Integrative theoretical statement. Multimedia and Blended Knowledge Internalization illustrates emerging-technology adoption for tacit knowledge retention as a socio-technical conversion process. Digital tools create a retention opportunity, the focal practice organizes that opportunity, and organizational and environmental complements determine whether it becomes durable, retrievable, and actionable know-how. The graph supports this bounded mechanism but does not warrant a causal claim beyond the cited relationships; missing, ambiguous, or indirect evidence should be treated as a limitation rather than filled by speculation. | D5: Experience Amplification | E5: Blended technologies retain tacit knowledge by combining digital demonstrations with hands-on activity, discussion, reflection, and peer feedback. IoT and collaborative-robotics exercises, learning platforms, workshops, and media expose participants to manufacturing problems and allow them to practise solutions. The dominant mechanism is Experience Amplification because practical skill and professional judgment are stabilized through learning-by-doing rather than stored primarily as digital records. Reported knowledge acquisition and improved decision-making indicate enabling outcomes, but they do not establish long-term persistence. Effective retention depends on suitable facilities, accessible infrastructure, participant capability, tailored curriculum, sufficient hands-on time, organizational support, and assessment of competent performance after training. | F5: Practised Motor and Tool-Operation Skill; Shared Professional Norms and Standards of Judgment | G5: TE03 -> TP12 -> TK05;TK10
A6: s002M01TP16 | B6: Technology-enable Retention Mechanism | C6: Focal technology-enabled tacit knowledge retention approach. Gamified Procedural and Scenario-based Learning (node_id:s002M01TP16) is the single focal practice. It is defined in the graph as Uses structured games, quizzes, cards, role-playing scenarios, and realistic problem cases to help learners reconstruct procedural sequences, apply operational criteria, recognize errors, and select appropriate responses. The node aggregates evidence across cases, so it represents a conceptual family rather than one event. The adopted technologies are Human–Computer Interaction and Immersive Technologies (node_id:s002M01TE02); Imaging, Sensing, and Perception Technologies (node_id:s002M01TE05); Mobile, Social and Communication Technologies (node_id:s002M01TE07). Adoption establishes technical availability and use, but it does not by itself establish retention. Evidence chain (directional and bounded). The supported main chain is Human–Computer Interaction and Immersive Technologies (node_id:s002M01TE02); Imaging, Sensing, and Perception Technologies (node_id:s002M01TE05); Mobile, Social and Communication Technologies (node_id:s002M01TE07) → Gamified Procedural and Scenario-based Learning (node_id:s002M01TP16) → Practised Motor and Tool-Operation Skill (node_id:s002M01TK05); Trained Sensory and Perceptual Recognition (node_id:s002M01TK06). Retrieved constraints are none directly retrieved; conditions are none directly retrieved. Across cases, immersive, sensing, and mobile tools supported games and scenarios that transferred motor skill and perceptual recognition, while outcome evidence remains bounded to the retrieved relations. These links bound the claim: the practice captures, transfers, or evaluates only the knowledge nodes explicitly retrieved. Where no non-ambiguous tacit-knowledge node appears, the graph does not directly establish tacit retention and evidence about explicit knowledge should not be relabelled as tacit. Retention Mechanism. Primary classification: Experience Amplification. The dominant function is situated rehearsal, interaction, feedback, and repeated application; durable records are supporting inputs. Technology makes expert action encounterable, but retention occurs only when learners internalize and competently reuse the pattern. This classification identifies an experiential mechanism, not proof of a lasting outcome. Tacit Knowledge Retained. The non-ambiguous candidate knowledge is Practised Motor and Tool-Operation Skill (node_id:s002M01TK05); Trained Sensory and Perceptual Recognition (node_id:s002M01TK06). Its tacitness lies in skilled judgment, perception, coordination, or bodily performance that is difficult to detach from context and articulate completely. The focal practice mitigates Instructional Design, Delivery, Assessment and Transfer Shortcomings (node_id:s002M01LI04); Hardware, Sensor and Technical Infrastructure Constraints (node_id:s002M01LI06); Financial and Capital Constraints (node_id:s002M01LI07). The evidence supports a conditional pathway: technology preserves otherwise transient cues, traces, or feedback, but mitigation is not full resolution. Usable retention still depends on fidelity, engagement, and expert validation. Conditions and constraints. The focal practice depends on none directly retrieved. These dependencies are neutral enabling conditions: leadership, capable participants, resources, process integration, regulation, markets, or site context can enable deployment but can also become bottlenecks. It is constrained by none directly retrieved. These links create a weakest-link effect: technical operation does not ensure retention, and experts remain responsible for validation and contextual judgment. Integrative theoretical statement. Gamified Procedural and Scenario-based Learning illustrates emerging-technology adoption for tacit knowledge retention as a socio-technical conversion process. Digital tools create a retention opportunity, the focal practice organizes that opportunity, and organizational and environmental complements determine whether it becomes durable, retrievable, and actionable know-how. The graph supports this bounded mechanism but does not warrant a causal claim beyond the cited relationships; missing, ambiguous, or indirect evidence should be treated as a limitation rather than filled by speculation. | D6: Experience Amplification | E6: Gamified and scenario-based technologies retain tacit knowledge by placing learners in problems that require procedural choices, error recognition, and response selection. Immersive interfaces, sensing tools, and mobile technologies support games, quizzes, simulations, and cases through which users practise motor operations and perceptual discrimination. The dominant mechanism is Experience Amplification because knowledge is stabilized through active participation, feedback, and scenario performance rather than primarily through external records. These formats can improve engagement and make practice more accessible, but retention requires credible scenarios, clear feedback, progressive difficulty, repeated use, and transfer assessment. Immediate game performance alone does not prove durable workplace competence. | F6: Practised Motor and Tool-Operation Skill; Trained Sensory and Perceptual Recognition | G6: TE02;TE05;TE07 -> TP16 -> TK05;TK06
A7: s002M01TP06 | B7: Technology-enable Retention Mechanism | C7: Focal technology-enabled tacit knowledge retention approach. Worker Activity and State Capture through Wearable Sensors and Cameras (node_id:s002M01TP06) is the single focal practice. It is defined in the graph as Uses IMUs, wearable sensors, eye trackers, cameras, and video analysis to record workers’ movement, posture, gaze, workload, task sequences, and situated work activities. The node aggregates evidence across cases, so it represents a conceptual family rather than one event. The adopted technologies are Artificial Intelligence and Intelligent Computation (node_id:s002M01TE01); Human–Computer Interaction and Immersive Technologies (node_id:s002M01TE02); Imaging, Sensing, and Perception Technologies (node_id:s002M01TE05). Adoption establishes technical availability and use, but it does not by itself establish retention. Evidence chain (directional and bounded). The supported main chain is Artificial Intelligence and Intelligent Computation (node_id:s002M01TE01); Human–Computer Interaction and Immersive Technologies (node_id:s002M01TE02); Imaging, Sensing, and Perception Technologies (node_id:s002M01TE05) → Worker Activity and State Capture through Wearable Sensors and Cameras (node_id:s002M01TP06) → Unrecognized or Unarticulated Personal Know-how (node_id:s002M01TK04); Practised Motor and Tool-Operation Skill (node_id:s002M01TK05); Trained Sensory and Perceptual Recognition (node_id:s002M01TK06); Embodied Posture, Balance, and Spatial Control (node_id:s002M01TK07). Retrieved constraints are Software, Algorithmic, Data Quality and Interoperability Barriers (node_id:s002M01LI05); Hardware, Sensor and Technical Infrastructure Constraints (node_id:s002M01LI06); Knowledge Continuity, Documentation, Governance, Privacy and Security (node_id:s002M01LI10); Physical-Environmental and Operational Variability (node_id:s002M01LI11); conditions are Political, Regulatory & Jurisdictional Environment (node_id:s002M01ED01); Governance, Standards & Formal Control (node_id:s002M01OD01). Across activity-capture cases, AI, wearables, cameras, gaze sensing, and body-sound traces converted movement and posture into analyzable records linked to tacit motor, perceptual, and spatial skills. These links bound the claim: the practice captures, transfers, or evaluates only the knowledge nodes explicitly retrieved. Where no non-ambiguous tacit-knowledge node appears, the graph does not directly establish tacit retention and evidence about explicit knowledge should not be relabelled as tacit. Retention Mechanism. Primary classification: Digital Codification. The dominant function is to intercept, structure, model, or preserve situated activity and judgment as durable digital representations; experiential use is secondary. Capture creates traces or records, transfer makes them available to later users, and retention requires continued accessibility, expert interpretation, and application. This classification identifies a mechanism, not an automatic outcome. Tacit Knowledge Retained. The non-ambiguous candidate knowledge is Unrecognized or Unarticulated Personal Know-how (node_id:s002M01TK04); Practised Motor and Tool-Operation Skill (node_id:s002M01TK05); Trained Sensory and Perceptual Recognition (node_id:s002M01TK06); Embodied Posture, Balance, and Spatial Control (node_id:s002M01TK07). Its tacitness lies in skilled judgment, perception, coordination, or bodily performance that is difficult to detach from context and articulate completely. The focal practice mitigates Knowledge Continuity, Documentation, Governance, Privacy and Security (node_id:s002M01LI10); Physical-Environmental and Operational Variability (node_id:s002M01LI11). The evidence supports a conditional pathway: technology preserves otherwise transient cues, traces, or feedback, but mitigation is not full resolution. Usable retention still depends on fidelity, engagement, and expert validation. Conditions and constraints. The focal practice depends on Political, Regulatory & Jurisdictional Environment (node_id:s002M01ED01); Governance, Standards & Formal Control (node_id:s002M01OD01). These dependencies are neutral enabling conditions: leadership, capable participants, resources, process integration, regulation, markets, or site context can enable deployment but can also become bottlenecks. It is constrained by Software, Algorithmic, Data Quality and Interoperability Barriers (node_id:s002M01LI05); Hardware, Sensor and Technical Infrastructure Constraints (node_id:s002M01LI06); Knowledge Continuity, Documentation, Governance, Privacy and Security (node_id:s002M01LI10); Physical-Environmental and Operational Variability (node_id:s002M01LI11). These links create a weakest-link effect: technical operation does not ensure retention, and experts remain responsible for validation and contextual judgment. Integrative theoretical statement. Worker Activity and State Capture through Wearable Sensors and Cameras illustrates emerging-technology adoption for tacit knowledge retention as a socio-technical conversion process. Digital tools create a retention opportunity, the focal practice organizes that opportunity, and organizational and environmental complements determine whether it becomes durable, retrievable, and actionable know-how. The graph supports this bounded mechanism but does not warrant a causal claim beyond the cited relationships; missing, ambiguous, or indirect evidence should be treated as a limitation rather than filled by speculation. | D7: Digital Codification | E7: Wearable, imaging, and intelligent technologies retain tacit knowledge by converting bodily activity into durable records. Sensors, cameras, eye trackers, and AI analysis capture movement, posture, gaze, workload, hand action, and task sequence, making previously unarticulated performance available for comparison and review. The dominant mechanism is Digital Codification because the practice externalizes embodied traces as measurable data rather than primarily creating a rehearsal environment. These records can support coaching, risk detection, and later reuse, but they represent observable behavior incompletely. Effective retention requires reliable sensing, contextual annotation, privacy governance, expert interpretation, representative observations, and feedback into changed work or training practices. | F7: Unrecognized or Unarticulated Personal Know-how; Practised Motor and Tool-Operation Skill; Trained Sensory and Perceptual Recognition; Embodied Posture, Balance, and Spatial Control | G7: TE01;TE02;TE05 -> TP06 -> TK04;TK05;TK06;TK07
A8: s002M01TP07 | B8: Technology-enable Retention Mechanism | C8: Focal technology-enabled tacit knowledge retention approach. Algorithmic Pattern Discovery and Prediction (node_id:s002M01TP07) is the single focal practice. It is defined in the graph as Uses AI, machine learning, NLP, statistical learning, or rule-based algorithms to derive classifications, forecasts, detected patterns, and predicted conditions from data. The node aggregates evidence across cases, so it represents a conceptual family rather than one event. The adopted technologies are Artificial Intelligence and Intelligent Computation (node_id:s002M01TE01); Data, Information, and Knowledge Systems (node_id:s002M01TE04); Imaging, Sensing, and Perception Technologies (node_id:s002M01TE05); Rule-Based, Decision and Expert Systems (node_id:s002M01TE08). Adoption establishes technical availability and use, but it does not by itself establish retention. Evidence chain (directional and bounded). The supported main chain is Artificial Intelligence and Intelligent Computation (node_id:s002M01TE01); Data, Information, and Knowledge Systems (node_id:s002M01TE04); Imaging, Sensing, and Perception Technologies (node_id:s002M01TE05); Rule-Based, Decision and Expert Systems (node_id:s002M01TE08) → Algorithmic Pattern Discovery and Prediction (node_id:s002M01TP07) → Knowledge Conveyed Through Examples or Demonstration (node_id:s002M01TK02); Unrecognized or Unarticulated Personal Know-how (node_id:s002M01TK04); Practised Motor and Tool-Operation Skill (node_id:s002M01TK05); Trained Sensory and Perceptual Recognition (node_id:s002M01TK06). Retrieved constraints are Software, Algorithmic, Data Quality and Interoperability Barriers (node_id:s002M01LI05); Hardware, Sensor and Technical Infrastructure Constraints (node_id:s002M01LI06); Time, Staffing, Expertise, Scheduling and Workload Constraints (node_id:s002M01LI08); Knowledge Continuity, Documentation, Governance, Privacy and Security (node_id:s002M01LI10); plus 3 additional retrieved nodes; conditions are Natural & Climatic Environment (node_id:s002M01ED04); Geographic & Physical Site Context (node_id:s002M01ED08); Governance, Standards & Formal Control (node_id:s002M01OD01); Strategic Leadership & Sponsorship (node_id:s002M01OD02); plus 5 additional retrieved nodes. Across cases, AI, data systems, imaging, and rules derived patterns from operational and learning traces, connecting classifications and evaluations to example-based, unarticulated, motor, and perceptual knowledge. These links bound the claim: the practice captures, transfers, or evaluates only the knowledge nodes explicitly retrieved. Where no non-ambiguous tacit-knowledge node appears, the graph does not directly establish tacit retention and evidence about explicit knowledge should not be relabelled as tacit. Retention Mechanism. Primary classification: Digital Codification. The dominant function is to intercept, structure, model, or preserve situated activity and judgment as durable digital representations; experiential use is secondary. Capture creates traces or records, transfer makes them available to later users, and retention requires continued accessibility, expert interpretation, and application. This classification identifies a mechanism, not an automatic outcome. Tacit Knowledge Retained. The non-ambiguous candidate knowledge is Knowledge Conveyed Through Examples or Demonstration (node_id:s002M01TK02); Unrecognized or Unarticulated Personal Know-how (node_id:s002M01TK04); Practised Motor and Tool-Operation Skill (node_id:s002M01TK05); Trained Sensory and Perceptual Recognition (node_id:s002M01TK06). Its tacitness lies in skilled judgment, perception, coordination, or bodily performance that is difficult to detach from context and articulate completely. The focal practice mitigates Software, Algorithmic, Data Quality and Interoperability Barriers (node_id:s002M01LI05); Hardware, Sensor and Technical Infrastructure Constraints (node_id:s002M01LI06); Knowledge Continuity, Documentation, Governance, Privacy and Security (node_id:s002M01LI10); Physical-Environmental and Operational Variability (node_id:s002M01LI11); plus 2 additional retrieved nodes. The evidence supports a conditional pathway: technology preserves otherwise transient cues, traces, or feedback, but mitigation is not full resolution. Usable retention still depends on fidelity, engagement, and expert validation. Conditions and constraints. The focal practice depends on Natural & Climatic Environment (node_id:s002M01ED04); Geographic & Physical Site Context (node_id:s002M01ED08); Governance, Standards & Formal Control (node_id:s002M01OD01); Strategic Leadership & Sponsorship (node_id:s002M01OD02); plus 5 additional retrieved nodes. These dependencies are neutral enabling conditions: leadership, capable participants, resources, process integration, regulation, markets, or site context can enable deployment but can also become bottlenecks. It is constrained by Software, Algorithmic, Data Quality and Interoperability Barriers (node_id:s002M01LI05); Hardware, Sensor and Technical Infrastructure Constraints (node_id:s002M01LI06); Time, Staffing, Expertise, Scheduling and Workload Constraints (node_id:s002M01LI08); Knowledge Continuity, Documentation, Governance, Privacy and Security (node_id:s002M01LI10); plus 3 additional retrieved nodes. These links create a weakest-link effect: technical operation does not ensure retention, and experts remain responsible for validation and contextual judgment. Integrative theoretical statement. Algorithmic Pattern Discovery and Prediction illustrates emerging-technology adoption for tacit knowledge retention as a socio-technical conversion process. Digital tools create a retention opportunity, the focal practice organizes that opportunity, and organizational and environmental complements determine whether it becomes durable, retrievable, and actionable know-how. The graph supports this bounded mechanism but does not warrant a causal claim beyond the cited relationships; missing, ambiguous, or indirect evidence should be treated as a limitation rather than filled by speculation. | D8: Digital Codification | E8: Algorithmic technologies retain tacit knowledge by discovering reusable patterns within behavioral and learning data. Artificial intelligence, knowledge systems, imaging, and rule-based tools transform examples, unarticulated routines, motor traces, and perceptual signals into classifications, predictions, and evaluation cues. The dominant mechanism is Digital Codification because experiential traces become explicit analytical representations that can be searched, compared, and reused beyond the original performer. Algorithms may reduce manual interpretation and reveal regularities, but pattern discovery is not automatically organizational memory. Retention depends on representative data, interoperable infrastructure, expert validation, transparent classifications, privacy safeguards, and incorporation of outputs into decisions, instruction, and corrective action. | F8: Knowledge Conveyed Through Examples or Demonstration; Unrecognized or Unarticulated Personal Know-how; Practised Motor and Tool-Operation Skill; Trained Sensory and Perceptual Recognition | G8: TE01;TE04;TE05;TE08 -> TP07 -> TK02;TK04;TK05;TK06
A9: s002M01TP08 | B9: Technology-enable Retention Mechanism | C9: Focal technology-enabled tacit knowledge retention approach. Generative Knowledge Synthesis and Content Production (node_id:s002M01TP08) is the single focal practice. It is defined in the graph as Uses generative AI to combine requirements, contextual data, and retrieved knowledge into new drafts, reports, explanations, summaries, or recommendations. The node aggregates evidence across cases, so it represents a conceptual family rather than one event. The adopted technologies are Artificial Intelligence and Intelligent Computation (node_id:s002M01TE01); Human–Computer Interaction and Immersive Technologies (node_id:s002M01TE02). Adoption establishes technical availability and use, but it does not by itself establish retention. Evidence chain (directional and bounded). The supported main chain is Artificial Intelligence and Intelligent Computation (node_id:s002M01TE01); Human–Computer Interaction and Immersive Technologies (node_id:s002M01TE02) → Generative Knowledge Synthesis and Content Production (node_id:s002M01TP08) → Trained Sensory and Perceptual Recognition (node_id:s002M01TK06); Embodied Posture, Balance, and Spatial Control (node_id:s002M01TK07); Organizational Culture and Unwritten Working Practices (node_id:s002M01TK12). Retrieved constraints are Instructional Design, Delivery, Assessment and Transfer Shortcomings (node_id:s002M01LI04); Software, Algorithmic, Data Quality and Interoperability Barriers (node_id:s002M01LI05); Research Design, Measurement and Validation Flaws (node_id:s002M01LI13); conditions are Political, Regulatory & Jurisdictional Environment (node_id:s002M01ED01); Strategic Leadership & Sponsorship (node_id:s002M01OD02); Financial, Technical & Information Resources (node_id:s002M01OD03); Human Capacity, Roles & Participation (node_id:s002M01OD05); plus 1 additional retrieved nodes. Across cases, generative AI and interfaces produced context-sensitive content from retrieved material, with capture and evaluation links to perceptual, spatial, and organizational know-how; the evidence does not show complete substitution for expert judgment. These links bound the claim: the practice captures, transfers, or evaluates only the knowledge nodes explicitly retrieved. Where no non-ambiguous tacit-knowledge node appears, the graph does not directly establish tacit retention and evidence about explicit knowledge should not be relabelled as tacit. Retention Mechanism. Primary classification: Digital Codification. The dominant function is to intercept, structure, model, or preserve situated activity and judgment as durable digital representations; experiential use is secondary. Capture creates traces or records, transfer makes them available to later users, and retention requires continued accessibility, expert interpretation, and application. This classification identifies a mechanism, not an automatic outcome. Tacit Knowledge Retained. The non-ambiguous candidate knowledge is Trained Sensory and Perceptual Recognition (node_id:s002M01TK06); Embodied Posture, Balance, and Spatial Control (node_id:s002M01TK07); Organizational Culture and Unwritten Working Practices (node_id:s002M01TK12). Its tacitness lies in skilled judgment, perception, coordination, or bodily performance that is difficult to detach from context and articulate completely. The focal practice mitigates Instructional Design, Delivery, Assessment and Transfer Shortcomings (node_id:s002M01LI04); Software, Algorithmic, Data Quality and Interoperability Barriers (node_id:s002M01LI05); Time, Staffing, Expertise, Scheduling and Workload Constraints (node_id:s002M01LI08); Knowledge Continuity, Documentation, Governance, Privacy and Security (node_id:s002M01LI10); plus 1 additional retrieved nodes. The evidence supports a conditional pathway: technology preserves otherwise transient cues, traces, or feedback, but mitigation is not full resolution. Usable retention still depends on fidelity, engagement, and expert validation. Conditions and constraints. The focal practice depends on Political, Regulatory & Jurisdictional Environment (node_id:s002M01ED01); Strategic Leadership & Sponsorship (node_id:s002M01OD02); Financial, Technical & Information Resources (node_id:s002M01OD03); Human Capacity, Roles & Participation (node_id:s002M01OD05); plus 1 additional retrieved nodes. These dependencies are neutral enabling conditions: leadership, capable participants, resources, process integration, regulation, markets, or site context can enable deployment but can also become bottlenecks. It is constrained by Instructional Design, Delivery, Assessment and Transfer Shortcomings (node_id:s002M01LI04); Software, Algorithmic, Data Quality and Interoperability Barriers (node_id:s002M01LI05); Research Design, Measurement and Validation Flaws (node_id:s002M01LI13). These links create a weakest-link effect: technical operation does not ensure retention, and experts remain responsible for validation and contextual judgment. Integrative theoretical statement. Generative Knowledge Synthesis and Content Production illustrates emerging-technology adoption for tacit knowledge retention as a socio-technical conversion process. Digital tools create a retention opportunity, the focal practice organizes that opportunity, and organizational and environmental complements determine whether it becomes durable, retrievable, and actionable know-how. The graph supports this bounded mechanism but does not warrant a causal claim beyond the cited relationships; missing, ambiguous, or indirect evidence should be treated as a limitation rather than filled by speculation. | D9: Digital Codification | E9: Generative and interactive technologies retain tacit knowledge by transforming inputs and retrieved experience into explanations, recommendations, or content. Artificial intelligence and human–computer interfaces synthesize perceptual cues, spatial judgments, and unwritten organizational practices, allowing knowledge to be reactivated for new situations. The dominant mechanism is Digital Codification because the system produces persistent, reviewable representations rather than principally teaching through embodied rehearsal. Generated material can widen access and support reflection, but it does not contain every exception or situated reason. Effective retention therefore requires grounded source material, provenance, expert review, user participation, governance, and application; plausible output alone is not verified knowledge. | F9: Trained Sensory and Perceptual Recognition; Embodied Posture, Balance, and Spatial Control; Organizational Culture and Unwritten Working Practices | G9: TE01;TE02 -> TP08 -> TK06;TK07;TK12
A10: s002M01TP09 | B10: Technology-enable Retention Mechanism | C10: Focal technology-enabled tacit knowledge retention approach. Semantic Knowledge Structuring and Retrieval (node_id:s002M01TP09) is the single focal practice. It is defined in the graph as Uses knowledge graphs, semantic metadata, embeddings, vector databases, and meaning-based search to represent knowledge relationships and retrieve contextually relevant information. The node aggregates evidence across cases, so it represents a conceptual family rather than one event. The adopted technologies are Data, Information, and Knowledge Systems (node_id:s002M01TE04); Rule-Based, Decision and Expert Systems (node_id:s002M01TE08). Adoption establishes technical availability and use, but it does not by itself establish retention. Evidence chain (directional and bounded). The supported main chain is Data, Information, and Knowledge Systems (node_id:s002M01TE04); Rule-Based, Decision and Expert Systems (node_id:s002M01TE08) → Semantic Knowledge Structuring and Retrieval (node_id:s002M01TP09) → Organizational Culture and Unwritten Working Practices (node_id:s002M01TK12). Retrieved constraints are Software, Algorithmic, Data Quality and Interoperability Barriers (node_id:s002M01LI05); Organizational Culture, Leadership and Adoption Barriers (node_id:s002M01LI09); Knowledge Continuity, Documentation, Governance, Privacy and Security (node_id:s002M01LI10); conditions are none directly retrieved. Across cases, databases and rule-based systems organized semantic relations and evaluated whether unwritten organizational practices became searchable; evaluation is weaker evidence than direct capture or transfer. These links bound the claim: the practice captures, transfers, or evaluates only the knowledge nodes explicitly retrieved. Where no non-ambiguous tacit-knowledge node appears, the graph does not directly establish tacit retention and evidence about explicit knowledge should not be relabelled as tacit. Retention Mechanism. Primary classification: Digital Codification. The dominant function is to intercept, structure, model, or preserve situated activity and judgment as durable digital representations; experiential use is secondary. Capture creates traces or records, transfer makes them available to later users, and retention requires continued accessibility, expert interpretation, and application. This classification identifies a mechanism, not an automatic outcome. Tacit Knowledge Retained. The non-ambiguous candidate knowledge is Organizational Culture and Unwritten Working Practices (node_id:s002M01TK12). Its tacitness lies in skilled judgment, perception, coordination, or bodily performance that is difficult to detach from context and articulate completely. The focal practice mitigates Software, Algorithmic, Data Quality and Interoperability Barriers (node_id:s002M01LI05); Time, Staffing, Expertise, Scheduling and Workload Constraints (node_id:s002M01LI08); Organizational Culture, Leadership and Adoption Barriers (node_id:s002M01LI09); Knowledge Continuity, Documentation, Governance, Privacy and Security (node_id:s002M01LI10); plus 1 additional retrieved nodes. The evidence supports a conditional pathway: technology preserves otherwise transient cues, traces, or feedback, but mitigation is not full resolution. Usable retention still depends on fidelity, engagement, and expert validation. Conditions and constraints. The focal practice depends on none directly retrieved. These dependencies are neutral enabling conditions: leadership, capable participants, resources, process integration, regulation, markets, or site context can enable deployment but can also become bottlenecks. It is constrained by Software, Algorithmic, Data Quality and Interoperability Barriers (node_id:s002M01LI05); Organizational Culture, Leadership and Adoption Barriers (node_id:s002M01LI09); Knowledge Continuity, Documentation, Governance, Privacy and Security (node_id:s002M01LI10). These links create a weakest-link effect: technical operation does not ensure retention, and experts remain responsible for validation and contextual judgment. Integrative theoretical statement. Semantic Knowledge Structuring and Retrieval illustrates emerging-technology adoption for tacit knowledge retention as a socio-technical conversion process. Digital tools create a retention opportunity, the focal practice organizes that opportunity, and organizational and environmental complements determine whether it becomes durable, retrievable, and actionable know-how. The graph supports this bounded mechanism but does not warrant a causal claim beyond the cited relationships; missing, ambiguous, or indirect evidence should be treated as a limitation rather than filled by speculation. | D10: Digital Codification | E10: Semantic technologies retain tacit knowledge by organizing material into searchable relationships, categories, and retrieval paths. Data and knowledge systems, together with rule-based tools, structure unwritten organizational practices so later users can locate relevant information and compare it across situations. The dominant mechanism is Digital Codification because retention depends on a semantic representation outside the original knower. However, the link evaluates organizational culture and working practices rather than directly demonstrating their capture or transfer, so the evidence is conditional. Effective retention requires metadata, interoperable formats, curated vocabularies, corpus coverage, access governance, expert interpretation, and evidence that retrieved material informs competent action. | F10: Organizational Culture and Unwritten Working Practices | G10: TE04;TE08 -> TP09 -> TK12
A11: s002M01TP10 | B11: Technology-enable Retention Mechanism | C11: Focal technology-enabled tacit knowledge retention approach. Database-supported Project Knowledge Archiving (node_id:s002M01TP10) is the single focal practice. It is defined in the graph as Preserves and retrieves codified project records, narratives, lessons learned, safety information, and operational knowledge through databases, data warehouses, or conventional KMS repositories. The node aggregates evidence across cases, so it represents a conceptual family rather than one event. The adopted technologies are Artificial Intelligence and Intelligent Computation (node_id:s002M01TE01). Adoption establishes technical availability and use, but it does not by itself establish retention. Evidence chain (directional and bounded). The supported main chain is Artificial Intelligence and Intelligent Computation (node_id:s002M01TE01) → Database-supported Project Knowledge Archiving (node_id:s002M01TP10) → Unrecognized or Unarticulated Personal Know-how (node_id:s002M01TK04); Practised Motor and Tool-Operation Skill (node_id:s002M01TK05). Retrieved constraints are none directly retrieved; conditions are Political, Regulatory & Jurisdictional Environment (node_id:s002M01ED01); Sociocultural & Societal Environment (node_id:s002M01ED03); Strategic Leadership & Sponsorship (node_id:s002M01OD02); Financial, Technical & Information Resources (node_id:s002M01OD03); plus 1 additional retrieved nodes. Across cases, AI-assisted archiving converted project experience into repositories, with capture and transfer links to unarticulated know-how and practised skill. These links bound the claim: the practice captures, transfers, or evaluates only the knowledge nodes explicitly retrieved. Where no non-ambiguous tacit-knowledge node appears, the graph does not directly establish tacit retention and evidence about explicit knowledge should not be relabelled as tacit. Retention Mechanism. Primary classification: Digital Codification. The dominant function is to intercept, structure, model, or preserve situated activity and judgment as durable digital representations; experiential use is secondary. Capture creates traces or records, transfer makes them available to later users, and retention requires continued accessibility, expert interpretation, and application. This classification identifies a mechanism, not an automatic outcome. Tacit Knowledge Retained. The non-ambiguous candidate knowledge is Unrecognized or Unarticulated Personal Know-how (node_id:s002M01TK04); Practised Motor and Tool-Operation Skill (node_id:s002M01TK05). Its tacitness lies in skilled judgment, perception, coordination, or bodily performance that is difficult to detach from context and articulate completely. The focal practice mitigates Organizational Culture, Leadership and Adoption Barriers (node_id:s002M01LI09); Knowledge Continuity, Documentation, Governance, Privacy and Security (node_id:s002M01LI10). The evidence supports a conditional pathway: technology preserves otherwise transient cues, traces, or feedback, but mitigation is not full resolution. Usable retention still depends on fidelity, engagement, and expert validation. Conditions and constraints. The focal practice depends on Political, Regulatory & Jurisdictional Environment (node_id:s002M01ED01); Sociocultural & Societal Environment (node_id:s002M01ED03); Strategic Leadership & Sponsorship (node_id:s002M01OD02); Financial, Technical & Information Resources (node_id:s002M01OD03); plus 1 additional retrieved nodes. These dependencies are neutral enabling conditions: leadership, capable participants, resources, process integration, regulation, markets, or site context can enable deployment but can also become bottlenecks. It is constrained by none directly retrieved. These links create a weakest-link effect: technical operation does not ensure retention, and experts remain responsible for validation and contextual judgment. Integrative theoretical statement. Database-supported Project Knowledge Archiving illustrates emerging-technology adoption for tacit knowledge retention as a socio-technical conversion process. Digital tools create a retention opportunity, the focal practice organizes that opportunity, and organizational and environmental complements determine whether it becomes durable, retrievable, and actionable know-how. The graph supports this bounded mechanism but does not warrant a causal claim beyond the cited relationships; missing, ambiguous, or indirect evidence should be treated as a limitation rather than filled by speculation. | D11: Digital Codification | E11: AI-supported archiving technologies retain tacit knowledge by converting project experience into organizational records. Tools help elicit, classify, summarize, and store unarticulated know-how and practised motor or operational skills within repositories. The dominant mechanism is Digital Codification because experience is externalized as structured content that can remain available after the original holder leaves. Archives can improve continuity and provide examples for work, but storage alone does not preserve contextual meaning or guarantee reuse. Effective retention depends on trustworthy elicitation, expert validation, appropriate metadata, privacy controls, stewardship, accessible retrieval, and organizational routines that translate archived material back into situated judgment and performance. | F11: Unrecognized or Unarticulated Personal Know-how; Practised Motor and Tool-Operation Skill | G11: TE01 -> TP10 -> TK04;TK05
A12: s002M01TP13 | B12: Technology-enable Retention Mechanism | C12: Focal technology-enabled tacit knowledge retention approach. Criteria-based Performance Evaluation and Ranking (node_id:s002M01TP13) is the single focal practice. It is defined in the graph as Measures, compares, scores, or ranks learners, models, interventions, and alternatives using predefined criteria, indicators, benchmarks, or performance metrics. The node aggregates evidence across cases, so it represents a conceptual family rather than one event. The adopted technologies are Artificial Intelligence and Intelligent Computation (node_id:s002M01TE01); Data, Information, and Knowledge Systems (node_id:s002M01TE04). Adoption establishes technical availability and use, but it does not by itself establish retention. Evidence chain (directional and bounded). The supported main chain is Artificial Intelligence and Intelligent Computation (node_id:s002M01TE01); Data, Information, and Knowledge Systems (node_id:s002M01TE04) → Criteria-based Performance Evaluation and Ranking (node_id:s002M01TP13) → Practised Motor and Tool-Operation Skill (node_id:s002M01TK05); Shared Professional Norms and Standards of Judgment (node_id:s002M01TK10). Retrieved constraints are Instructional Design, Delivery, Assessment and Transfer Shortcomings (node_id:s002M01LI04); Organizational Culture, Leadership and Adoption Barriers (node_id:s002M01LI09); Empirical Sample and Generalizability Limitations (node_id:s002M01LI14); conditions are Governance, Standards & Formal Control (node_id:s002M01OD01); Strategic Leadership & Sponsorship (node_id:s002M01OD02); Financial, Technical & Information Resources (node_id:s002M01OD03); Time, Workload & Operational Scheduling (node_id:s002M01OD04); plus 1 additional retrieved nodes. Across cases, AI and data systems converted performance into scores and benchmarks that evaluated motor skill and shared professional judgment; assessment evidences retention only when constructs and timing are valid. These links bound the claim: the practice captures, transfers, or evaluates only the knowledge nodes explicitly retrieved. Where no non-ambiguous tacit-knowledge node appears, the graph does not directly establish tacit retention and evidence about explicit knowledge should not be relabelled as tacit. Retention Mechanism. Primary classification: Digital Codification. The dominant function is to intercept, structure, model, or preserve situated activity and judgment as durable digital representations; experiential use is secondary. Capture creates traces or records, transfer makes them available to later users, and retention requires continued accessibility, expert interpretation, and application. This classification identifies a mechanism, not an automatic outcome. Tacit Knowledge Retained. The non-ambiguous candidate knowledge is Practised Motor and Tool-Operation Skill (node_id:s002M01TK05); Shared Professional Norms and Standards of Judgment (node_id:s002M01TK10). Its tacitness lies in skilled judgment, perception, coordination, or bodily performance that is difficult to detach from context and articulate completely. The focal practice mitigates Software, Algorithmic, Data Quality and Interoperability Barriers (node_id:s002M01LI05); Knowledge Continuity, Documentation, Governance, Privacy and Security (node_id:s002M01LI10). The evidence supports a conditional pathway: technology preserves otherwise transient cues, traces, or feedback, but mitigation is not full resolution. Usable retention still depends on fidelity, engagement, and expert validation. Conditions and constraints. The focal practice depends on Governance, Standards & Formal Control (node_id:s002M01OD01); Strategic Leadership & Sponsorship (node_id:s002M01OD02); Financial, Technical & Information Resources (node_id:s002M01OD03); Time, Workload & Operational Scheduling (node_id:s002M01OD04); plus 1 additional retrieved nodes. These dependencies are neutral enabling conditions: leadership, capable participants, resources, process integration, regulation, markets, or site context can enable deployment but can also become bottlenecks. It is constrained by Instructional Design, Delivery, Assessment and Transfer Shortcomings (node_id:s002M01LI04); Organizational Culture, Leadership and Adoption Barriers (node_id:s002M01LI09); Empirical Sample and Generalizability Limitations (node_id:s002M01LI14). These links create a weakest-link effect: technical operation does not ensure retention, and experts remain responsible for validation and contextual judgment. Integrative theoretical statement. Criteria-based Performance Evaluation and Ranking illustrates emerging-technology adoption for tacit knowledge retention as a socio-technical conversion process. Digital tools create a retention opportunity, the focal practice organizes that opportunity, and organizational and environmental complements determine whether it becomes durable, retrievable, and actionable know-how. The graph supports this bounded mechanism but does not warrant a causal claim beyond the cited relationships; missing, ambiguous, or indirect evidence should be treated as a limitation rather than filled by speculation. | D12: Digital Codification | E12: Digital evaluation technologies assist tacit knowledge retention by converting performance into comparable evidence. Artificial intelligence and information systems score, rank, or benchmark practical motor skill and shared professional judgment using criteria and indicators. The dominant mechanism is Digital Codification because the practice produces durable measurement records that reveal performance differences, learning decay, or corrective needs. Evaluation is a verification layer rather than the learning mechanism, and a score cannot represent embodied competence. Its contribution to retention depends on valid constructs, timing, representative tasks, transparent metrics, expert interpretation, corrective feedback, and organizational use of results to guide refresher learning and practice. | F12: Practised Motor and Tool-Operation Skill; Shared Professional Norms and Standards of Judgment | G12: TE01;TE04 -> TP13 -> TK05;TK10

Sheet Sheet1
A1: node id | B1: retention mechanism | C1: tacit knowledge retained | D1: evidence chain
A2: =s002_insights!A2 -> s002M01TP03 | B2: =s002_insights!E2 -> Extended-reality technologies retain tacit knowledge by placing learners inside consequential work situations. AR, mixed reality, imaging, and sensing overlay expert instructions, components, and cues onto physical tasks, allowing users to observe, act, receive feedback, and repeat procedures. Assembly and machinery cases show improved positioning, procedural performance, perceptual recognition, and autonomous execution. The dominant mechanism is Experience Amplification because knowledge is stabilized through embodied rehearsal rather than preserved mainly as an external record. Retention nevertheless depends on instructional quality, usable interfaces, trainer intervention, realistic context, repeated practice, and delayed assessment; technical adoption alone does not demonstrate durable transfer to workplace performance. | C2: =s002_insights!F2 -> Unrecognized or Unarticulated Personal Know-how; Practised Motor and Tool-Operation Skill; Trained Sensory and Perceptual Recognition; Embodied Posture, Balance, and Spatial Control | D2: =s002_insights!G2 -> TE02;TE05 -> TP03 -> TK04;TK05;TK06;TK07
A3: =s002_insights!A3 -> s002M01TP04 | B3: =s002_insights!E3 -> Interactive feedback technologies retain tacit knowledge by making the consequences of action immediately perceptible. Immersive interfaces, sensing tools, and mobile systems present animations, indicators, error messages, or multisensory responses while learners perform tasks. This closes the loop between choice, system state, and outcome, helping users adjust tool operation and consolidate procedural patterns through repetition. The dominant mechanism is Experience Amplification because the learning value resides in action and feedback, not in an archived representation. Retention depends on accurate feedback, suitable task difficulty, technical reliability, sufficient practice time, and transfer beyond the interface; engagement or improvement alone cannot establish lasting competence. | C3: =s002_insights!F3 -> Practised Motor and Tool-Operation Skill | D3: =s002_insights!G3 -> TE02;TE05;TE07 -> TP04 -> TK05
A4: =s002_insights!A4 -> s002M01TP11 | B4: =s002_insights!E4 -> Collaborative digital platforms retain tacit knowledge by enabling participants to contribute experience, interpret problems, negotiate meaning, and develop shared practices. Artificial intelligence, immersive interfaces, connected systems, and knowledge platforms create spaces where unarticulated know-how, professional language, and unwritten organizational norms become encounterable through interaction. The dominant mechanism is Experience Amplification because retention occurs principally through dialogue, participation, and collective sensemaking; stored messages or records play a supporting role. Effective retention depends on trust, psychological safety, inclusive participation, familiarity, governance, and workflow integration. Without sustained contribution and application, technical connectivity produces information exchange but not durable shared understanding or organizational capability. | C4: =s002_insights!F4 -> Unrecognized or Unarticulated Personal Know-how; Shared Professional Language and Contextual Meaning; Organizational Culture and Unwritten Working Practices | D4: =s002_insights!G4 -> TE01;TE02;TE03;TE04 -> TP11 -> TK04;TK09;TK12
A5: =s002_insights!A5 -> s002M01TP12 | B5: =s002_insights!E5 -> Blended technologies retain tacit knowledge by combining digital demonstrations with hands-on activity, discussion, reflection, and peer feedback. IoT and collaborative-robotics exercises, learning platforms, workshops, and media expose participants to manufacturing problems and allow them to practise solutions. The dominant mechanism is Experience Amplification because practical skill and professional judgment are stabilized through learning-by-doing rather than stored primarily as digital records. Reported knowledge acquisition and improved decision-making indicate enabling outcomes, but they do not establish long-term persistence. Effective retention depends on suitable facilities, accessible infrastructure, participant capability, tailored curriculum, sufficient hands-on time, organizational support, and assessment of competent performance after training. | C5: =s002_insights!F5 -> Practised Motor and Tool-Operation Skill; Shared Professional Norms and Standards of Judgment | D5: =s002_insights!G5 -> TE03 -> TP12 -> TK05;TK10
A6: =s002_insights!A6 -> s002M01TP16 | B6: =s002_insights!E6 -> Gamified and scenario-based technologies retain tacit knowledge by placing learners in problems that require procedural choices, error recognition, and response selection. Immersive interfaces, sensing tools, and mobile technologies support games, quizzes, simulations, and cases through which users practise motor operations and perceptual discrimination. The dominant mechanism is Experience Amplification because knowledge is stabilized through active participation, feedback, and scenario performance rather than primarily through external records. These formats can improve engagement and make practice more accessible, but retention requires credible scenarios, clear feedback, progressive difficulty, repeated use, and transfer assessment. Immediate game performance alone does not prove durable workplace competence. | C6: =s002_insights!F6 -> Practised Motor and Tool-Operation Skill; Trained Sensory and Perceptual Recognition | D6: =s002_insights!G6 -> TE02;TE05;TE07 -> TP16 -> TK05;TK06
A7: =s002_insights!A7 -> s002M01TP06 | B7: =s002_insights!E7 -> Wearable, imaging, and intelligent technologies retain tacit knowledge by converting bodily activity into durable records. Sensors, cameras, eye trackers, and AI analysis capture movement, posture, gaze, workload, hand action, and task sequence, making previously unarticulated performance available for comparison and review. The dominant mechanism is Digital Codification because the practice externalizes embodied traces as measurable data rather than primarily creating a rehearsal environment. These records can support coaching, risk detection, and later reuse, but they represent observable behavior incompletely. Effective retention requires reliable sensing, contextual annotation, privacy governance, expert interpretation, representative observations, and feedback into changed work or training practices. | C7: =s002_insights!F7 -> Unrecognized or Unarticulated Personal Know-how; Practised Motor and Tool-Operation Skill; Trained Sensory and Perceptual Recognition; Embodied Posture, Balance, and Spatial Control | D7: =s002_insights!G7 -> TE01;TE02;TE05 -> TP06 -> TK04;TK05;TK06;TK07
A8: =s002_insights!A8 -> s002M01TP07 | B8: =s002_insights!E8 -> Algorithmic technologies retain tacit knowledge by discovering reusable patterns within behavioral and learning data. Artificial intelligence, knowledge systems, imaging, and rule-based tools transform examples, unarticulated routines, motor traces, and perceptual signals into classifications, predictions, and evaluation cues. The dominant mechanism is Digital Codification because experiential traces become explicit analytical representations that can be searched, compared, and reused beyond the original performer. Algorithms may reduce manual interpretation and reveal regularities, but pattern discovery is not automatically organizational memory. Retention depends on representative data, interoperable infrastructure, expert validation, transparent classifications, privacy safeguards, and incorporation of outputs into decisions, instruction, and corrective action. | C8: =s002_insights!F8 -> Knowledge Conveyed Through Examples or Demonstration; Unrecognized or Unarticulated Personal Know-how; Practised Motor and Tool-Operation Skill; Trained Sensory and Perceptual Recognition | D8: =s002_insights!G8 -> TE01;TE04;TE05;TE08 -> TP07 -> TK02;TK04;TK05;TK06
A9: =s002_insights!A9 -> s002M01TP08 | B9: =s002_insights!E9 -> Generative and interactive technologies retain tacit knowledge by transforming inputs and retrieved experience into explanations, recommendations, or content. Artificial intelligence and human–computer interfaces synthesize perceptual cues, spatial judgments, and unwritten organizational practices, allowing knowledge to be reactivated for new situations. The dominant mechanism is Digital Codification because the system produces persistent, reviewable representations rather than principally teaching through embodied rehearsal. Generated material can widen access and support reflection, but it does not contain every exception or situated reason. Effective retention therefore requires grounded source material, provenance, expert review, user participation, governance, and application; plausible output alone is not verified knowledge. | C9: =s002_insights!F9 -> Trained Sensory and Perceptual Recognition; Embodied Posture, Balance, and Spatial Control; Organizational Culture and Unwritten Working Practices | D9: =s002_insights!G9 -> TE01;TE02 -> TP08 -> TK06;TK07;TK12
A10: =s002_insights!A10 -> s002M01TP09 | B10: =s002_insights!E10 -> Semantic technologies retain tacit knowledge by organizing material into searchable relationships, categories, and retrieval paths. Data and knowledge systems, together with rule-based tools, structure unwritten organizational practices so later users can locate relevant information and compare it across situations. The dominant mechanism is Digital Codification because retention depends on a semantic representation outside the original knower. However, the link evaluates organizational culture and working practices rather than directly demonstrating their capture or transfer, so the evidence is conditional. Effective retention requires metadata, interoperable formats, curated vocabularies, corpus coverage, access governance, expert interpretation, and evidence that retrieved material informs competent action. | C10: =s002_insights!F10 -> Organizational Culture and Unwritten Working Practices | D10: =s002_insights!G10 -> TE04;TE08 -> TP09 -> TK12
A11: =s002_insights!A11 -> s002M01TP10 | B11: =s002_insights!E11 -> AI-supported archiving technologies retain tacit knowledge by converting project experience into organizational records. Tools help elicit, classify, summarize, and store unarticulated know-how and practised motor or operational skills within repositories. The dominant mechanism is Digital Codification because experience is externalized as structured content that can remain available after the original holder leaves. Archives can improve continuity and provide examples for work, but storage alone does not preserve contextual meaning or guarantee reuse. Effective retention depends on trustworthy elicitation, expert validation, appropriate metadata, privacy controls, stewardship, accessible retrieval, and organizational routines that translate archived material back into situated judgment and performance. | C11: =s002_insights!F11 -> Unrecognized or Unarticulated Personal Know-how; Practised Motor and Tool-Operation Skill | D11: =s002_insights!G11 -> TE01 -> TP10 -> TK04;TK05
A12: =s002_insights!A12 -> s002M01TP13 | B12: =s002_insights!E12 -> Digital evaluation technologies assist tacit knowledge retention by converting performance into comparable evidence. Artificial intelligence and information systems score, rank, or benchmark practical motor skill and shared professional judgment using criteria and indicators. The dominant mechanism is Digital Codification because the practice produces durable measurement records that reveal performance differences, learning decay, or corrective needs. Evaluation is a verification layer rather than the learning mechanism, and a score cannot represent embodied competence. Its contribution to retention depends on valid constructs, timing, representative tasks, transparent metrics, expert interpretation, corrective feedback, and organizational use of results to guide refresher learning and practice. | C12: =s002_insights!F12 -> Practised Motor and Tool-Operation Skill; Shared Professional Norms and Standards of Judgment | D12: =s002_insights!G12 -> TE01;TE04 -> TP13 -> TK05;TK10
A13: =s002_insights!A13 -> 0 | B13: =s002_insights!E13 -> 0 | C13: =s002_insights!F13 -> 0 | D13: =s002_insights!G13 -> 0
... A21: =s002_insights!A21 -> 0 | B21: =s002_insights!E21 -> 0 | C21: =s002_insights!F21 -> 0 | D21: =s002_insights!G21 -> 0
