Workbook

Sheet sector_3_turns_screening
C2: Initial KG (Expansion by the LLM Ensemble) | E2: 1st Round (Schema Check) | G2: 2nd Round (FactCheck ) | I2: 3rd Round (Entity Alignment) | K2: Accepted Rate
B3: Case Id | C3: E | D3: R | E3: E | F3: R | G3: E | H3: R | I3: E | J3: R | K3: E | L3: R
B4: =sector_data!A2 -> c001 | C4: =SUM(sector_data!B2,sector_data!D2) -> 96 | D4: =sector_data!C2+sector_data!E2 -> 147 | E4: =sector_data!F2 -> 95 | F4: =sector_data!G2 -> 141 | G4: =sector_data!H2 -> 91 | H4: =sector_data!I2 -> 123 | I4: =sector_data!J2 -> 84 | J4: =sector_data!K2 -> 122 | K4: =sector_data!L2 -> 0.88 | L4: =sector_data!M2 -> 0.83
B5: =sector_data!A3 -> c002 | C5: =SUM(sector_data!B3,sector_data!D3) -> 92 | D5: =sector_data!C3+sector_data!E3 -> 202 | E5: =sector_data!F3 -> 91 | F5: =sector_data!G3 -> 200 | G5: =sector_data!H3 -> 86 | H5: =sector_data!I3 -> 159 | I5: =sector_data!J3 -> 81 | J5: =sector_data!K3 -> 159 | K5: =sector_data!L3 -> 0.88 | L5: =sector_data!M3 -> 0.79
B6: =sector_data!A4 -> c003 | C6: =SUM(sector_data!B4,sector_data!D4) -> 49 | D6: =sector_data!C4+sector_data!E4 -> 67 | E6: =sector_data!F4 -> 49 | F6: =sector_data!G4 -> 53 | G6: =sector_data!H4 -> 45 | H6: =sector_data!I4 -> 41 | I6: =sector_data!J4 -> 40 | J6: =sector_data!K4 -> 41 | K6: =sector_data!L4 -> 0.82 | L6: =sector_data!M4 -> 0.61
B7: =sector_data!A5 -> c004 | C7: =SUM(sector_data!B5,sector_data!D5) -> 73 | D7: =sector_data!C5+sector_data!E5 -> 137 | E7: =sector_data!F5 -> 73 | F7: =sector_data!G5 -> 134 | G7: =sector_data!H5 -> 71 | H7: =sector_data!I5 -> 108 | I7: =sector_data!J5 -> 59 | J7: =sector_data!K5 -> 98 | K7: =sector_data!L5 -> 0.81 | L7: =sector_data!M5 -> 0.72
B8: =sector_data!A6 -> c005 | C8: =SUM(sector_data!B6,sector_data!D6) -> 102 | D8: =sector_data!C6+sector_data!E6 -> 154 | E8: =sector_data!F6 -> 102 | F8: =sector_data!G6 -> 152 | G8: =sector_data!H6 -> 94 | H8: =sector_data!I6 -> 118 | I8: =sector_data!J6 -> 73 | J8: =sector_data!K6 -> 116 | K8: =sector_data!L6 -> 0.72 | L8: =sector_data!M6 -> 0.75
B9: =sector_data!A7 -> c006 | C9: =SUM(sector_data!B7,sector_data!D7) -> 69 | D9: =sector_data!C7+sector_data!E7 -> 92 | E9: =sector_data!F7 -> 68 | F9: =sector_data!G7 -> 90 | G9: =sector_data!H7 -> 65 | H9: =sector_data!I7 -> 81 | I9: =sector_data!J7 -> 56 | J9: =sector_data!K7 -> 80 | K9: =sector_data!L7 -> 0.81 | L9: =sector_data!M7 -> 0.87
B10: =sector_data!A8 -> c007 | C10: =SUM(sector_data!B8,sector_data!D8) -> 105 | D10: =sector_data!C8+sector_data!E8 -> 202 | E10: =sector_data!F8 -> 102 | F10: =sector_data!G8 -> 202 | G10: =sector_data!H8 -> 96 | H10: =sector_data!I8 -> 143 | I10: =sector_data!J8 -> 85 | J10: =sector_data!K8 -> 141 | K10: =sector_data!L8 -> 0.81 | L10: =sector_data!M8 -> 0.7
B11: =sector_data!A9 -> c008 | C11: =SUM(sector_data!B9,sector_data!D9) -> 98 | D11: =sector_data!C9+sector_data!E9 -> 165 | E11: =sector_data!F9 -> 98 | F11: =sector_data!G9 -> 165 | G11: =sector_data!H9 -> 95 | H11: =sector_data!I9 -> 153 | I11: =sector_data!J9 -> 80 | J11: =sector_data!K9 -> 147 | K11: =sector_data!L9 -> 0.82 | L11: =sector_data!M9 -> 0.89
B12: =sector_data!A10 -> c009 | C12: =SUM(sector_data!B10,sector_data!D10) -> 120 | D12: =sector_data!C10+sector_data!E10 -> 196 | E12: =sector_data!F10 -> 120 | F12: =sector_data!G10 -> 194 | G12: =sector_data!H10 -> 115 | H12: =sector_data!I10 -> 158 | I12: =sector_data!J10 -> 89 | J12: =sector_data!K10 -> 139 | K12: =sector_data!L10 -> 0.74 | L12: =sector_data!M10 -> 0.71
B13: =sector_data!A11 -> c010 | C13: =SUM(sector_data!B11,sector_data!D11) -> 64 | D13: =sector_data!C11+sector_data!E11 -> 114 | E13: =sector_data!F11 -> 64 | F13: =sector_data!G11 -> 113 | G13: =sector_data!H11 -> 64 | H13: =sector_data!I11 -> 111 | I13: =sector_data!J11 -> 52 | J13: =sector_data!K11 -> 97 | K13: =sector_data!L11 -> 0.81 | L13: =sector_data!M11 -> 0.85
B14: =sector_data!A12 -> c011 | C14: =SUM(sector_data!B12,sector_data!D12) -> 80 | D14: =sector_data!C12+sector_data!E12 -> 149 | E14: =sector_data!F12 -> 72 | F14: =sector_data!G12 -> 84 | G14: =sector_data!H12 -> 67 | H14: =sector_data!I12 -> 71 | I14: =sector_data!J12 -> 38 | J14: =sector_data!K12 -> 70 | K14: =sector_data!L12 -> 0.47 | L14: =sector_data!M12 -> 0.47
B15: =sector_data!A13 -> c012 | C15: =SUM(sector_data!B13,sector_data!D13) -> 113 | D15: =sector_data!C13+sector_data!E13 -> 157 | E15: =sector_data!F13 -> 112 | F15: =sector_data!G13 -> 157 | G15: =sector_data!H13 -> 110 | H15: =sector_data!I13 -> 141 | I15: =sector_data!J13 -> 92 | J15: =sector_data!K13 -> 134 | K15: =sector_data!L13 -> 0.81 | L15: =sector_data!M13 -> 0.85
... B27: =sector_data!A25 -> 0 | C27: =SUM(sector_data!B25,sector_data!D25) -> 0 | D27: =sector_data!C25+sector_data!E25 -> 0 | E27: =sector_data!F25 -> 0 | F27: =sector_data!G25 -> 0 | G27: =sector_data!H25 -> 0 | H27: =sector_data!I25 -> 0 | I27: =sector_data!J25 -> 0 | J27: =sector_data!K25 -> 0 | K27: =sector_data!L25 -> 0 | L27: =sector_data!M25 -> 0

Sheet sector_DST
B2: Case ID | C2: Initial Entity Amount (DeepSeek vs ChatGPT) | E2: Initial Relation Amount (DeepSeek vs ChatGPT) | G2: Accepted Entity Amount | H2: Accepted Relation Amount | I2: Entity Expansion Coefficient | J2: Relation Expansion Coefficient | K2: DST Rate
B3: =sector_data!A2 -> c001 | C3: =sector_data!B2 -> 39 | D3: =sector_data!D2 -> 57 | E3: =sector_data!C2 -> 63 | F3: =sector_data!E2 -> 84 | G3: =sector_data!J2 -> 84 | H3: =sector_data!K2 -> 122 | I3: =sector_data!N2 -> 1.47 | J3: =sector_data!O2 -> 1.45 | K3: =sector_data!P2 -> 0.86
B4: =sector_data!A3 -> c002 | C4: =sector_data!B3 -> 43 | D4: =sector_data!D3 -> 49 | E4: =sector_data!C3 -> 93 | F4: =sector_data!E3 -> 109 | G4: =sector_data!J3 -> 81 | H4: =sector_data!K3 -> 159 | I4: =sector_data!N3 -> 1.65 | J4: =sector_data!O3 -> 1.46 | K4: =sector_data!P3 -> 1
B5: =sector_data!A4 -> c003 | C5: =sector_data!B4 -> 25 | D5: =sector_data!D4 -> 24 | E5: =sector_data!C4 -> 40 | F5: =sector_data!E4 -> 27 | G5: =sector_data!J4 -> 40 | H5: =sector_data!K4 -> 41 | I5: =sector_data!N4 -> 1.6 | J5: =sector_data!O4 -> 1.02 | K5: =sector_data!P4 -> 0.66
B6: =sector_data!A5 -> c004 | C6: =sector_data!B5 -> 38 | D6: =sector_data!D5 -> 35 | E6: =sector_data!C5 -> 55 | F6: =sector_data!E5 -> 82 | G6: =sector_data!J5 -> 59 | H6: =sector_data!K5 -> 98 | I6: =sector_data!N5 -> 1.55 | J6: =sector_data!O5 -> 1.2 | K6: =sector_data!P5 -> 0.9
B7: =sector_data!A6 -> c005 | C7: =sector_data!B6 -> 56 | D7: =sector_data!D6 -> 46 | E7: =sector_data!C6 -> 76 | F7: =sector_data!E6 -> 78 | G7: =sector_data!J6 -> 73 | H7: =sector_data!K6 -> 116 | I7: =sector_data!N6 -> 1.3 | J7: =sector_data!O6 -> 1.49 | K7: =sector_data!P6 -> 0.72
B8: =sector_data!A7 -> c006 | C8: =sector_data!B7 -> 43 | D8: =sector_data!D7 -> 26 | E8: =sector_data!C7 -> 53 | F8: =sector_data!E7 -> 39 | G8: =sector_data!J7 -> 56 | H8: =sector_data!K7 -> 80 | I8: =sector_data!N7 -> 1.3 | J8: =sector_data!O7 -> 1.51 | K8: =sector_data!P7 -> 0.86
B9: =sector_data!A8 -> c007 | C9: =sector_data!B8 -> 65 | D9: =sector_data!D8 -> 40 | E9: =sector_data!C8 -> 86 | F9: =sector_data!E8 -> 116 | G9: =sector_data!J8 -> 85 | H9: =sector_data!K8 -> 141 | I9: =sector_data!N8 -> 1.31 | J9: =sector_data!O8 -> 1.22 | K9: =sector_data!P8 -> 0.86
B10: =sector_data!A9 -> c008 | C10: =sector_data!B9 -> 44 | D10: =sector_data!D9 -> 54 | E10: =sector_data!C9 -> 62 | F10: =sector_data!E9 -> 103 | G10: =sector_data!J9 -> 80 | H10: =sector_data!K9 -> 147 | I10: =sector_data!N9 -> 1.48 | J10: =sector_data!O9 -> 1.43 | K10: =sector_data!P9 -> 0.9
B11: =sector_data!A10 -> c009 | C11: =sector_data!B10 -> 70 | D11: =sector_data!D10 -> 50 | E11: =sector_data!C10 -> 116 | F11: =sector_data!E10 -> 80 | G11: =sector_data!J10 -> 89 | H11: =sector_data!K10 -> 139 | I11: =sector_data!N10 -> 1.27 | J11: =sector_data!O10 -> 1.2 | K11: =sector_data!P10 -> 0.86
B12: =sector_data!A11 -> c010 | C12: =sector_data!B11 -> 23 | D12: =sector_data!D11 -> 41 | E12: =sector_data!C11 -> 34 | F12: =sector_data!E11 -> 80 | G12: =sector_data!J11 -> 52 | H12: =sector_data!K11 -> 97 | I12: =sector_data!N11 -> 1.27 | J12: =sector_data!O11 -> 1.21 | K12: =sector_data!P11 -> 0.66
B13: =sector_data!A12 -> c011 | C13: =sector_data!B12 -> 40 | D13: =sector_data!D12 -> 40 | E13: =sector_data!C12 -> 80 | F13: =sector_data!E12 -> 69 | G13: =sector_data!J12 -> 38 | H13: =sector_data!K12 -> 70 | I13: =sector_data!N12 -> 0.95 | J13: =sector_data!O12 -> 0.88 | K13: =sector_data!P12 -> 0.79
B14: =sector_data!A13 -> c012 | C14: =sector_data!B13 -> 64 | D14: =sector_data!D13 -> 49 | E14: =sector_data!C13 -> 97 | F14: =sector_data!E13 -> 60 | G14: =sector_data!J13 -> 92 | H14: =sector_data!K13 -> 134 | I14: =sector_data!N13 -> 1.44 | J14: =sector_data!O13 -> 1.38 | K14: =sector_data!P13 -> 0.93
... B26: =sector_data!A25 -> 0 | C26: =sector_data!B25 -> 0 | D26: =sector_data!D25 -> 0 | E26: =sector_data!C25 -> 0 | F26: =sector_data!E25 -> 0 | G26: =sector_data!J25 -> 0 | H26: =sector_data!K25 -> 0 | I26: =sector_data!N25 -> 0 | J26: =sector_data!O25 -> 0 | K26: =sector_data!P25 -> 0

Sheet sector_data
A1: case_id | B1: Initial_deepseek_nodes | C1: Initial_deepseek_edges | D1: Initial_chatgpt_nodes | E1: Initial_chatgpt_edges | F1: r1_nodes | G1: r1_edges | H1: r2_nodes | I1: r2_edges | J1: r3_nodes | K1: r3_edges | L1: node_accepted_rate | M1: relation_accepted_rate | N1: node_expansion_coefficient | O1: relation_expansion_coefficient | P1: dtv_valid
A2: c001 | B2: 39 | C2: 63 | D2: 57 | E2: 84 | F2: 95 | G2: 141 | H2: 91 | I2: 123 | J2: 84 | K2: 122 | L2: 0.88 | M2: 0.83 | N2: 1.47 | O2: 1.45 | P2: 0.86
A3: c002 | B3: 43 | C3: 93 | D3: 49 | E3: 109 | F3: 91 | G3: 200 | H3: 86 | I3: 159 | J3: 81 | K3: 159 | L3: 0.88 | M3: 0.79 | N3: 1.65 | O3: 1.46 | P3: 1
A4: c003 | B4: 25 | C4: 40 | D4: 24 | E4: 27 | F4: 49 | G4: 53 | H4: 45 | I4: 41 | J4: 40 | K4: 41 | L4: 0.82 | M4: 0.61 | N4: 1.6 | O4: 1.02 | P4: 0.66
A5: c004 | B5: 38 | C5: 55 | D5: 35 | E5: 82 | F5: 73 | G5: 134 | H5: 71 | I5: 108 | J5: 59 | K5: 98 | L5: 0.81 | M5: 0.72 | N5: 1.55 | O5: 1.2 | P5: 0.9
A6: c005 | B6: 56 | C6: 76 | D6: 46 | E6: 78 | F6: 102 | G6: 152 | H6: 94 | I6: 118 | J6: 73 | K6: 116 | L6: 0.72 | M6: 0.75 | N6: 1.3 | O6: 1.49 | P6: 0.72
A7: c006 | B7: 43 | C7: 53 | D7: 26 | E7: 39 | F7: 68 | G7: 90 | H7: 65 | I7: 81 | J7: 56 | K7: 80 | L7: 0.81 | M7: 0.87 | N7: 1.3 | O7: 1.51 | P7: 0.86
A8: c007 | B8: 65 | C8: 86 | D8: 40 | E8: 116 | F8: 102 | G8: 202 | H8: 96 | I8: 143 | J8: 85 | K8: 141 | L8: 0.81 | M8: 0.7 | N8: 1.31 | O8: 1.22 | P8: 0.86
A9: c008 | B9: 44 | C9: 62 | D9: 54 | E9: 103 | F9: 98 | G9: 165 | H9: 95 | I9: 153 | J9: 80 | K9: 147 | L9: 0.82 | M9: 0.89 | N9: 1.48 | O9: 1.43 | P9: 0.9
A10: c009 | B10: 70 | C10: 116 | D10: 50 | E10: 80 | F10: 120 | G10: 194 | H10: 115 | I10: 158 | J10: 89 | K10: 139 | L10: 0.74 | M10: 0.71 | N10: 1.27 | O10: 1.2 | P10: 0.86
A11: c010 | B11: 23 | C11: 34 | D11: 41 | E11: 80 | F11: 64 | G11: 113 | H11: 64 | I11: 111 | J11: 52 | K11: 97 | L11: 0.81 | M11: 0.85 | N11: 1.27 | O11: 1.21 | P11: 0.66
A12: c011 | B12: 40 | C12: 80 | D12: 40 | E12: 69 | F12: 72 | G12: 84 | H12: 67 | I12: 71 | J12: 38 | K12: 70 | L12: 0.47 | M12: 0.47 | N12: 0.95 | O12: 0.88 | P12: 0.79
A13: c012 | B13: 64 | C13: 97 | D13: 49 | E13: 60 | F13: 112 | G13: 157 | H13: 110 | I13: 141 | J13: 92 | K13: 134 | L13: 0.81 | M13: 0.85 | N13: 1.44 | O13: 1.38 | P13: 0.93
... A16: c017 | B16: 29 | C16: 40 | D16: 31 | E16: 72 | F16: 60 | G16: 112 | H16: 57 | I16: 93 | J16: 49 | K16: 91 | L16: 0.82 | M16: 0.81 | N16: 1.58 | O16: 1.26 | P16: 0.76

Sheet sector_DST_s003
A1: Case ID | B1: Initial Entity Amount (DeepSeek vs ChatGPT) | D1: Initial Relation Amount (DeepSeek vs ChatGPT) | F1: Accepted Entity Amount | G1: Accepted Relation Amount | H1: Entity Expansion Coefficient | I1: Relation Expansion Coefficient | J1: DST Rate
A2: c201 | B2: 37 | C2: 36 | D2: 64 | E2: 60 | F2: 63 | G2: 106 | H2: 1.7 | I2: 1.66 | J2: 0.83
A3: c202 | B3: 33 | C3: 26 | D3: 63 | E3: 37 | F3: 49 | G3: 84 | H3: 1.48 | I3: 1.33 | J3: 0.66
A4: c203 | B4: 17 | C4: 35 | D4: 29 | E4: 56 | F4: 40 | G4: 55 | H4: 1.14 | I4: 0.98 | J4: 0.83
A5: c204 | B5: 32 | C5: 39 | D5: 54 | E5: 61 | F5: 52 | G5: 83 | H5: 1.33 | I5: 1.36 | J5: 0.83
A6: c205 | B6: 32 | C6: 45 | D6: 50 | E6: 74 | F6: 60 | G6: 93 | H6: 1.33 | I6: 1.26 | J6: 0.83
A7: c206 | B7: 58 | C7: 31 | D7: 100 | E7: 61 | F7: 80 | G7: 143 | H7: 1.38 | I7: 1.43 | J7: 0.93
A8: c207 | B8: 70 | C8: 33 | D8: 140 | E8: 64 | F8: 76 | G8: 95 | H8: 1.09 | I8: 0.68 | J8: 0.86
A9: c208 | B9: 28 | C9: 35 | D9: 47 | E9: 63 | F9: 51 | G9: 94 | H9: 1.46 | I9: 1.49 | J9: 0.83
A10: c209 | B10: 68 | C10: 41 | D10: 132 | E10: 73 | F10: 80 | G10: 154 | H10: 1.18 | I10: 1.17 | J10: 0.86
A11: c210 | B11: 45 | C11: 32 | D11: 79 | E11: 50 | F11: 60 | G11: 94 | H11: 1.33 | I11: 1.19 | J11: 0.93
A12: c211 | B12: 22 | C12: 22 | D12: 37 | E12: 45 | F12: 39 | G12: 74 | H12: 1.77 | I12: 1.64 | J12: 0.79
A13: c212 | B13: 37 | C13: 38 | D13: 127 | E13: 94 | F13: 64 | G13: 111 | H13: 1.68 | I13: 0.87 | J13: 0.86
... A25: c227 | B25: 42 | C25: 37 | D25: 52 | E25: 61 | F25: 63 | G25: 76 | H25: 1.5 | I25: 1.25 | J25: 0.72
H26: =AVERAGE(H2:H25) -> 1.3454167 | I26: =AVERAGE(I2:I25) -> 1.18125 | J26: =AVERAGE(J2:J25) -> 0.80708333
J27: =TEXT(MIN(J2:J25),"0.00%")&"-"&TEXT(MAX(J2:J25),"0.00%") -> 59.00%-93.00%

Sheet sector_3_turns_screening_s003
B1: Initial KG (Expansion by the LLM Ensemble) | D1: 1st Round (Schema Check) | F1: 2nd Round (FactCheck ) | H1: 3rd Round (Entity Alignment) | J1: Accepted Rate
A2: Case Id | B2: E | C2: R | D2: E | E2: R | F2: E | G2: R | H2: E | I2: R | J2: E | K2: R
A3: c201 | B3: 73 | C3: 124 | D3: 72 | E3: 118 | F3: 70 | G3: 107 | H3: 63 | I3: 106 | J3: 0.86 | K3: 0.85
A4: c202 | B4: 59 | C4: 100 | D4: 59 | E4: 93 | F4: 58 | G4: 89 | H4: 49 | I4: 84 | J4: 0.83 | K4: 0.84
A5: c203 | B5: 52 | C5: 85 | D5: 52 | E5: 82 | F5: 50 | G5: 59 | H5: 40 | I5: 55 | J5: 0.77 | K5: 0.65
A6: c204 | B6: 71 | C6: 115 | D6: 71 | E6: 113 | F6: 63 | G6: 89 | H6: 52 | I6: 83 | J6: 0.73 | K6: 0.72
A7: c205 | B7: 77 | C7: 124 | D7: 77 | E7: 123 | F7: 74 | G7: 97 | H7: 60 | I7: 93 | J7: 0.78 | K7: 0.75
A8: c206 | B8: 89 | C8: 161 | D8: 88 | E8: 157 | F8: 86 | G8: 149 | H8: 80 | I8: 143 | J8: 0.9 | K8: 0.89
A9: c207 | B9: 103 | C9: 204 | D9: 103 | E9: 194 | F9: 86 | G9: 101 | H9: 76 | I9: 95 | J9: 0.74 | K9: 0.47
A10: c208 | B10: 63 | C10: 110 | D10: 61 | E10: 106 | F10: 61 | G10: 96 | H10: 51 | I10: 94 | J10: 0.81 | K10: 0.85
A11: c209 | B11: 109 | C11: 205 | D11: 106 | E11: 202 | F11: 101 | G11: 164 | H11: 80 | I11: 154 | J11: 0.73 | K11: 0.75
A12: c210 | B12: 77 | C12: 129 | D12: 77 | E12: 127 | F12: 69 | G12: 94 | H12: 60 | I12: 94 | J12: 0.78 | K12: 0.73
A13: c211 | B13: 44 | C13: 82 | D13: 43 | E13: 82 | F13: 43 | G13: 77 | H13: 39 | I13: 74 | J13: 0.89 | K13: 0.9
A14: c212 | B14: 75 | C14: 221 | D14: 75 | E14: 221 | F14: 70 | G14: 117 | H14: 64 | I14: 111 | J14: 0.85 | K14: 0.5
... A26: c227 | B26: 79 | C26: 113 | D26: 79 | E26: 111 | F26: 72 | G26: 84 | H26: 63 | I26: 76 | J26: 0.8 | K26: 0.67
A27: total | B27: =SUM(B3:B26) -> 1845 | C27: =SUM(C3:C26) -> 3284 | H27: =SUM(H3:H26) -> 1440 | I27: =SUM(I3:I26) -> 2290 | J27: =H27/B27 -> 0.7804878 | K27: =I27/C27 -> 0.69732034 | L27: Average

Sheet sector_DST_s002
A1: Case ID | B1: Initial Entity Amount (DeepSeek vs ChatGPT) | D1: Initial Relation Amount (DeepSeek vs ChatGPT) | F1: Accepted Entity Amount | G1: Accepted Relation Amount | H1: Entity Expansion Coefficient | I1: Relation Expansion Coefficient | J1: DST Rate
A2: c101 | B2: 34 | C2: 36 | D2: 62 | E2: 54 | F2: 56 | G2: 97 | H2: 1.56 | I2: 1.56 | J2: 0.86
A3: c102 | B3: 39 | C3: 35 | D3: 60 | E3: 55 | F3: 54 | G3: 85 | H3: 1.38 | I3: 1.42 | J3: 0.79
A4: c103 | B4: 28 | C4: 37 | D4: 37 | E4: 61 | F4: 59 | G4: 80 | H4: 1.59 | I4: 1.31 | J4: 0.76
A5: c104 | B5: 27 | C5: 34 | D5: 41 | E5: 64 | F5: 52 | G5: 79 | H5: 1.53 | I5: 1.23 | J5: 0.72
A6: c105 | B6: 50 | C6: 45 | D6: 73 | E6: 64 | F6: 76 | G6: 108 | H6: 1.52 | I6: 1.48 | J6: 0.93
A7: c106 | B7: 14 | C7: 35 | D7: 25 | E7: 54 | F7: 40 | G7: 55 | H7: 1.14 | I7: 1.02 | J7: 0.76
A8: c107 | B8: 48 | C8: 39 | D8: 85 | E8: 67 | F8: 64 | G8: 126 | H8: 1.33 | I8: 1.48 | J8: 0.97
A9: c108 | B9: 63 | C9: 65 | D9: 111 | E9: 147 | F9: 106 | G9: 180 | H9: 1.63 | I9: 1.22 | J9: 0.86
A10: c109 | B10: 51 | C10: 25 | D10: 138 | E10: 58 | F10: 67 | G10: 162 | H10: 1.31 | I10: 1.17 | J10: 0.97
A11: c110 | B11: 15 | C11: 32 | D11: 23 | E11: 44 | F11: 37 | G11: 48 | H11: 1.16 | I11: 1.09 | J11: 0.76
A12: c111 | B12: 55 | C12: 39 | D12: 109 | E12: 73 | F12: 77 | G12: 87 | H12: 1.4 | I12: 0.8 | J12: 0.72
A13: c113 | B13: 42 | C13: 30 | D13: 118 | E13: 62 | F13: 57 | G13: 105 | H13: 1.36 | I13: 0.89 | J13: 0.79
... A23: c126 | B23: 22 | C23: 38 | D23: 33 | E23: 54 | F23: 49 | G23: 54 | H23: 1.29 | I23: 1 | J23: 0.59
H24: =AVERAGE(H2:H23) -> 1.3631818 | I24: =AVERAGE(I2:I23) -> 1.1790909 | J24: =AVERAGE(J2:J23) -> 0.76363636
J25: =TEXT(MIN(J2:J23),"0.00%")&"-"&TEXT(MAX(J2:J23),"0.00%") -> 59.00%-97.00%

Sheet sector_3_turns_screening_s002
B1: Initial KG (Expansion by the LLM Ensemble) | D1: 1st Round (Schema Check) | F1: 2nd Round (FactCheck ) | H1: 3rd Round (Entity Alignment) | J1: Accepted Rate
A2: Case Id | B2: E | C2: R | D2: E | E2: R | F2: E | G2: R | H2: E | I2: R | J2: E | K2: R
A3: c101 | B3: 70 | C3: 116 | D3: 70 | E3: 116 | F3: 65 | G3: 97 | H3: 56 | I3: 97 | J3: 0.8 | K3: 0.84
A4: c102 | B4: 74 | C4: 115 | D4: 74 | E4: 115 | F4: 72 | G4: 98 | H4: 54 | I4: 85 | J4: 0.73 | K4: 0.74
A5: c103 | B5: 65 | C5: 98 | D5: 65 | E5: 97 | F5: 64 | G5: 83 | H5: 59 | I5: 80 | J5: 0.91 | K5: 0.82
A6: c104 | B6: 61 | C6: 105 | D6: 61 | E6: 105 | F6: 57 | G6: 79 | H6: 52 | I6: 79 | J6: 0.85 | K6: 0.75
A7: c105 | B7: 95 | C7: 137 | D7: 95 | E7: 135 | F7: 91 | G7: 110 | H7: 76 | I7: 108 | J7: 0.8 | K7: 0.79
A8: c106 | B8: 49 | C8: 79 | D8: 49 | E8: 78 | F8: 46 | G8: 57 | H8: 40 | I8: 55 | J8: 0.82 | K8: 0.7
A9: c107 | B9: 87 | C9: 152 | D9: 87 | E9: 148 | F9: 82 | G9: 128 | H9: 64 | I9: 126 | J9: 0.74 | K9: 0.83
A10: c108 | B10: 128 | C10: 258 | D10: 126 | E10: 231 | F10: 116 | G10: 181 | H10: 106 | I10: 180 | J10: 0.83 | K10: 0.7
A11: c109 | B11: 76 | C11: 196 | D11: 76 | E11: 196 | F11: 76 | G11: 180 | H11: 67 | I11: 162 | J11: 0.88 | K11: 0.83
A12: c110 | B12: 47 | C12: 67 | D12: 46 | E12: 66 | F12: 42 | G12: 49 | H12: 37 | I12: 48 | J12: 0.79 | K12: 0.72
A13: c111 | B13: 94 | C13: 182 | D13: 92 | E13: 181 | F13: 88 | G13: 95 | H13: 77 | I13: 87 | J13: 0.82 | K13: 0.48
A14: c113 | B14: 72 | C14: 180 | D14: 72 | E14: 171 | F14: 68 | G14: 138 | H14: 57 | I14: 105 | J14: 0.79 | K14: 0.58
... A24: c126 | B24: 60 | C24: 87 | D24: 59 | E24: 87 | F24: 52 | G24: 56 | H24: 49 | I24: 54 | J24: 0.82 | K24: 0.62
A25: Total | B25: =SUM(B3:B24) -> 1538 | C25: =SUM(C3:C24) -> 2651 | H25: =SUM(H3:H24) -> 1232 | I25: =SUM(I3:I24) -> 1900 | J25: =H25/B25 -> 0.80104031 | K25: =I25/C25 -> 0.71671068 | L25: Average

Sheet sector_DST_s001
A1: Case ID | B1: Initial Entity Amount (DeepSeek vs ChatGPT) | D1: Initial Relation Amount (DeepSeek vs ChatGPT) | F1: Accepted Entity Amount | G1: Accepted Relation Amount | H1: Entity Expansion Coefficient | I1: Relation Expansion Coefficient | J1: DST Rate
A2: c001 | B2: 39 | C2: 57 | D2: 63 | E2: 84 | F2: 84 | G2: 122 | H2: 1.47 | I2: 1.45 | J2: 0.86
A3: c002 | B3: 43 | C3: 49 | D3: 93 | E3: 109 | F3: 81 | G3: 159 | H3: 1.65 | I3: 1.46 | J3: 1
A4: c003 | B4: 25 | C4: 24 | D4: 40 | E4: 27 | F4: 40 | G4: 41 | H4: 1.6 | I4: 1.02 | J4: 0.66
A5: c004 | B5: 38 | C5: 35 | D5: 55 | E5: 82 | F5: 59 | G5: 98 | H5: 1.55 | I5: 1.2 | J5: 0.9
A6: c005 | B6: 56 | C6: 46 | D6: 76 | E6: 78 | F6: 73 | G6: 116 | H6: 1.3 | I6: 1.49 | J6: 0.72
A7: c006 | B7: 43 | C7: 26 | D7: 53 | E7: 39 | F7: 56 | G7: 80 | H7: 1.3 | I7: 1.51 | J7: 0.86
A8: c007 | B8: 65 | C8: 40 | D8: 86 | E8: 116 | F8: 85 | G8: 141 | H8: 1.31 | I8: 1.22 | J8: 0.86
A9: c008 | B9: 44 | C9: 54 | D9: 62 | E9: 103 | F9: 80 | G9: 147 | H9: 1.48 | I9: 1.43 | J9: 0.9
A10: c009 | B10: 70 | C10: 50 | D10: 116 | E10: 80 | F10: 89 | G10: 139 | H10: 1.27 | I10: 1.2 | J10: 0.86
A11: c010 | B11: 23 | C11: 41 | D11: 34 | E11: 80 | F11: 52 | G11: 97 | H11: 1.27 | I11: 1.21 | J11: 0.66
A12: c011 | B12: 40 | C12: 40 | D12: 80 | E12: 69 | F12: 38 | G12: 70 | H12: 0.95 | I12: 0.88 | J12: 0.79
A13: c012 | B13: 64 | C13: 49 | D13: 97 | E13: 60 | F13: 92 | G13: 134 | H13: 1.44 | I13: 1.38 | J13: 0.93
... A16: c017 | B16: 29 | C16: 31 | D16: 40 | E16: 72 | F16: 49 | G16: 91 | H16: 1.58 | I16: 1.26 | J16: 0.76
B17: =SUM(B2:B16) -> 666 | C17: =SUM(C2:C16) -> 624 | D17: =SUM(D2:D16) -> 1015 | E17: =SUM(E2:E16) -> 1156 | H17: =AVERAGE(H2:H16) -> 1.3946667 | I17: =AVERAGE(I2:I16) -> 1.278 | J17: =AVERAGE(J2:J16) -> 0.82266667
J18: =TEXT(MIN(J2:J17),"0.00%")&"-"&TEXT(MAX(J2:J17),"0.00%") -> 66.00%-100.00%

Sheet sector_3_turns_screening_s001
B1: Initial KG (Expansion by the LLM Ensemble) | D1: 1st Round (Schema Check) | F1: 2nd Round (FactCheck ) | H1: 3rd Round (Entity Alignment) | J1: Accepted Rate
A2: Case Id | B2: E | C2: R | D2: E | E2: R | F2: E | G2: R | H2: E | I2: R | J2: E | K2: R
A3: c001 | B3: 96 | C3: 147 | D3: 95 | E3: 141 | F3: 91 | G3: 123 | H3: 84 | I3: 122 | J3: 0.88 | K3: 0.83
A4: c002 | B4: 92 | C4: 202 | D4: 91 | E4: 200 | F4: 86 | G4: 159 | H4: 81 | I4: 159 | J4: 0.88 | K4: 0.79
A5: c003 | B5: 49 | C5: 67 | D5: 49 | E5: 53 | F5: 45 | G5: 41 | H5: 40 | I5: 41 | J5: 0.82 | K5: 0.61
A6: c004 | B6: 73 | C6: 137 | D6: 73 | E6: 134 | F6: 71 | G6: 108 | H6: 59 | I6: 98 | J6: 0.81 | K6: 0.72
A7: c005 | B7: 102 | C7: 154 | D7: 102 | E7: 152 | F7: 94 | G7: 118 | H7: 73 | I7: 116 | J7: 0.72 | K7: 0.75
A8: c006 | B8: 69 | C8: 92 | D8: 68 | E8: 90 | F8: 65 | G8: 81 | H8: 56 | I8: 80 | J8: 0.81 | K8: 0.87
A9: c007 | B9: 105 | C9: 202 | D9: 102 | E9: 202 | F9: 96 | G9: 143 | H9: 85 | I9: 141 | J9: 0.81 | K9: 0.7
A10: c008 | B10: 98 | C10: 165 | D10: 98 | E10: 165 | F10: 95 | G10: 153 | H10: 80 | I10: 147 | J10: 0.82 | K10: 0.89
A11: c009 | B11: 120 | C11: 196 | D11: 120 | E11: 194 | F11: 115 | G11: 158 | H11: 89 | I11: 139 | J11: 0.74 | K11: 0.71
A12: c010 | B12: 64 | C12: 114 | D12: 64 | E12: 113 | F12: 64 | G12: 111 | H12: 52 | I12: 97 | J12: 0.81 | K12: 0.85
A13: c011 | B13: 80 | C13: 149 | D13: 72 | E13: 84 | F13: 67 | G13: 71 | H13: 38 | I13: 70 | J13: 0.47 | K13: 0.47
A14: c012 | B14: 113 | C14: 157 | D14: 112 | E14: 157 | F14: 110 | G14: 141 | H14: 92 | I14: 134 | J14: 0.81 | K14: 0.85
... A17: c017 | B17: 60 | C17: 112 | D17: 60 | E17: 112 | F17: 57 | G17: 93 | H17: 49 | I17: 91 | J17: 0.82 | K17: 0.81
A18: Total | B18: =SUM(B3:B17) -> 1290 | C18: =SUM(C3:C17) -> 2171 | H18: =SUM(H3:H17) -> 1018 | I18: =SUM(I3:I17) -> 1632 | J18: =H18/B18 -> 0.78914729 | K18: =I18/C18 -> 0.75172731 | L18: Average

Sheet Comparative Case-Representation
A1: Indicator | B1: Construction SIC-15 | C1: Manufacturing SIC-35 | D1: Health Services SIC-80
A2: Cases | B2: 15 | C2: 22 | D2: 24
A3: Candidate entities | B3: =sector_3_turns_screening_s001!B18 -> 1290 | C3: =sector_3_turns_screening_s002!B25 -> 1538 | D3: =sector_3_turns_screening_s003!B27 -> 1845 | E3: =SUM(B3:D3) -> 4673
A4: Retained entities | B4: =sector_3_turns_screening_s001!H18 -> 1018 | C4: =sector_3_turns_screening_s002!H25 -> 1232 | D4: =sector_3_turns_screening_s003!H27 -> 1440 | E4: =SUM(B4:D4) -> 3690
A5: Entity-retention rate | B5: =sector_3_turns_screening_s001!J18 -> 0.78914729 | C5: =sector_3_turns_screening_s002!J25 -> 0.80104031 | D5: =sector_3_turns_screening_s003!J27 -> 0.7804878
A6: Candidate relations | B6: =sector_3_turns_screening_s001!C18 -> 2171 | C6: =sector_3_turns_screening_s002!C25 -> 2651 | D6: =sector_3_turns_screening_s003!C27 -> 3284 | E6: =SUM(B6:D6) -> 8106
A7: Retained relations | B7: =sector_3_turns_screening_s001!I18 -> 1632 | C7: =sector_3_turns_screening_s002!I25 -> 1900 | D7: =sector_3_turns_screening_s003!I27 -> 2290 | E7: =SUM(B7:D7) -> 5822
A8: Relation-retention rate | B8: =sector_3_turns_screening_s001!K18 -> 0.75172731 | C8: =sector_3_turns_screening_s002!K25 -> 0.71671068 | D8: =sector_3_turns_screening_s003!K27 -> 0.69732034
A9: Mean entity-expansion coefficient | B9: 1.41 | C9: =sector_DST_s002!H24 -> 1.3631818 | D9: =sector_DST_s003!H26 -> 1.3454167
A10: Mean relationship-expansion coefficient | B10: 1.28 | C10: =sector_DST_s002!I24 -> 1.1790909 | D10: =sector_DST_s003!I26 -> 1.18125
A11: Mean case-level DST coverage | B11: 0.8227 | C11: =sector_DST_s002!J24 -> 0.76363636 | D11: =sector_DST_s003!J26 -> 0.80708333
A12: Case-level DST range | B12: =sector_DST_s001!J18 -> 66.00%-100.00% | C12: =sector_DST_s002!J25 -> 59.00%-97.00% | D12: =sector_DST_s003!J27 -> 59.00%-93.00%
A13: Cross-Case DST coverage | B13: 1 | C13: 1 | D13: 1
